﻿<?xml version="1.0" encoding="utf-8"?>
<Maps>
  <Map Type="System" Name="RJOA_28" CustomColourName="ACA_MAP" Priority="0" Center="+34.436111+132.919445">
    <Runway Name="10_28">
      <Threshold Name="10" Position="+34.436020+132.903132"/>
      <Threshold Name="28" Position="+34.436023+132.935758" ExtendedCentrelineTrack="090" ExtendedCentrelineLength="21" ExtendedCentrelineTickInterval="2"/>
    </Runway>
    <Symbol Type="HollowTriangle">
      <Point>OA811</Point>
      <Point>TOJYO</Point>
      <Point>BOLIG</Point>
      <Point>IKUNO</Point>
      <Point>MIDER</Point>
      <Point>KIJYY</Point>
      <Point>TOZAN</Point>
      <Point>LEMON</Point>
      <Point>MARCO</Point>
      <Point>AKANA</Point>
      <Point>SINFO</Point>
      <Point>STAGE</Point>
      <Point>AMURO</Point>
      <Point>CAROL</Point>
      <Point>TIIDA</Point>
      <Point>VISTA</Point>
      <Point>MONTA</Point>
      <Point>ISOLA</Point>
      <Point>SUNFL</Point>
    </Symbol>
    <Symbol Type="Hexagon">
      <Point>YME</Point>
      <Point>HGE</Point>
    </Symbol>
    <Symbol Type="HollowSquare">
      <Point>YME</Point>
      <Point>HGE</Point>
    </Symbol>
  </Map>
  <Map Type="System" Name="RJOA_28_LABEL" CustomColourName="ACA_MAP" Priority="2" Center="+34.436111+132.919445">
    <Label>
      <Point>OA811</Point>
      <Point>TOJYO</Point>
      <Point>BOLIG</Point>
      <Point>IKUNO</Point>
      <Point>MIDER</Point>
      <Point>KIJYY</Point>
      <Point>TOZAN</Point>
      <Point>LEMON</Point>
      <Point>MARCO</Point>
      <Point>AKANA</Point>
      <Point>SINFO</Point>
      <Point>STAGE</Point>
      <Point>AMURO</Point>
      <Point>CAROL</Point>
      <Point>TIIDA</Point>
      <Point>VISTA</Point>
      <Point>MONTA</Point>
      <Point>ISOLA</Point>
      <Point>SUNFL</Point>
      <Point>YME</Point>
      <Point>HGE</Point>
    </Label>
  </Map>
</Maps>