﻿<?xml version="1.0" encoding="utf-8"?>
<Maps>
  <Map Type="System" Name="RJGG_36" CustomColourName="ACA_MAP" Priority="0" Center="+34.858333+136.805278">
    <Runway Name="18_36">
      <Threshold Name="18" Position="+34.873892+136.801681"/>
      <Threshold Name="36" Position="+34.842943+136.809126" ExtendedCentrelineTrack="169" ExtendedCentrelineLength="21" ExtendedCentrelineTickInterval="2"/>
    </Runway>
    <Symbol Type="HollowTriangle">
        <Point>SOBAR</Point>
        <Point>STRAW</Point>
        <Point>KROBE</Point>
        <Point>GOHEI</Point>
        <Point>GG600</Point>
        <Point>DELFI</Point>
        <Point>COSTA</Point>
        <Point>LAURA</Point>
        <Point>BOGON</Point>
        <Point>FTAMI</Point>
        <Point>ESPAN</Point>
        <Point>MORIZ</Point>
        <Point>TSUGU</Point>
        <Point>CHAUS</Point>
        <Point>HIKNE</Point>
        <Point>MIDER</Point>
        <Point>WAKIT</Point>
        <Point>PIONE</Point>
        <Point>MEOTO</Point>
        <Point>PONTE</Point>
        <Point>ENSYU</Point>
        <Point>ANJYO</Point>
        <Point>PUDAN</Point>
        <Point>VENTO</Point>
        <Point>JUNOH</Point>
        <Point>ARESU</Point>
        <Point>SWING</Point>
        <Point>SLIDE</Point>
        <Point>OLTOM</Point>
        <Point>CARDS</Point>
        <Point>SHESS</Point>
        <Point>PASSO</Point>
        <Point>SANGU</Point>
        <Point>DUGON</Point>
        <Point>PROBE</Point>
        <Point>GG650</Point>
        <Point>LAGNA</Point>
        <Point>IRAGO</Point>
        <Point>POLPO</Point>
        <Point>TRIKE</Point>
        <Point>BIWWA</Point>
        <Point>PIXIE</Point>
        <Point>PRADA</Point>
        <Point>YUUNO</Point>
        <Point>WILBA</Point>
        <Point>ARIEL</Point>
        <Point>BUNNY</Point>
        <Point>NIMOH</Point>
        <Point>MATCH</Point>
        <Point>MARIA</Point>
        <Point>NEZAM</Point>
        <Point>MAPLE</Point>
        <Point>SANOR</Point>
    </Symbol>
    <Symbol Type="Hexagon">
      <Point>CBE</Point>
      <Point>KCC</Point>
      <Point>KEC</Point>
      <Point>YME</Point>
    </Symbol>
    <Symbol Type="HollowSquare">
      <Point>CBE</Point>
      <Point>KCC</Point>
      <Point>KEC</Point>
      <Point>YME</Point>
    </Symbol>
  </Map>
  <Map Type="System" Name="RJGG_36_LABEL" CustomColourName="ACA_MAP" Priority="2" Center="+34.858333+136.805278">
    <Label>
        <Point>SOBAR</Point>
        <Point>STRAW</Point>
        <Point>KROBE</Point>
        <Point>GOHEI</Point>
        <Point>GG600</Point>
        <Point>DELFI</Point>
        <Point>COSTA</Point>
        <Point>LAURA</Point>
        <Point>BOGON</Point>
        <Point>FTAMI</Point>
        <Point>ESPAN</Point>
        <Point>MORIZ</Point>
        <Point>TSUGU</Point>
        <Point>CHAUS</Point>
        <Point>HIKNE</Point>
        <Point>MIDER</Point>
        <Point>WAKIT</Point>
        <Point>PIONE</Point>
        <Point>MEOTO</Point>
        <Point>PONTE</Point>
        <Point>ENSYU</Point>
        <Point>ANJYO</Point>
        <Point>PUDAN</Point>
        <Point>VENTO</Point>
        <Point>JUNOH</Point>
        <Point>ARESU</Point>
        <Point>SWING</Point>
        <Point>SLIDE</Point>
        <Point>OLTOM</Point>
        <Point>CARDS</Point>
        <Point>SHESS</Point>
        <Point>PASSO</Point>
        <Point>SANGU</Point>
        <Point>DUGON</Point>
        <Point>PROBE</Point>
        <Point>GG650</Point>
        <Point>LAGNA</Point>
        <Point>IRAGO</Point>
        <Point>POLPO</Point>
        <Point>TRIKE</Point>
        <Point>BIWWA</Point>
        <Point>PIXIE</Point>
        <Point>PRADA</Point>
        <Point>YUUNO</Point>
        <Point>WILBA</Point>
        <Point>ARIEL</Point>
        <Point>BUNNY</Point>
        <Point>NIMOH</Point>
        <Point>MATCH</Point>
        <Point>MARIA</Point>
        <Point>NEZAM</Point>
        <Point>MAPLE</Point>
        <Point>SANOR</Point>
        <Point>CBE</Point>
        <Point>KCC</Point>
        <Point>KEC</Point>
        <Point>YME</Point>
    </Label>
  </Map>
</Maps>