﻿<?xml version="1.0" encoding="utf-8"?>
<Maps>
  <Map Type="System" Name="RJGG_18" CustomColourName="ACA_MAP" Priority="0" Center="+34.858333+136.805278">
    <Runway Name="18_36">
      <Threshold Name="18" Position="+34.873892+136.801681" ExtendedCentrelineTrack="349" ExtendedCentrelineLength="21" ExtendedCentrelineTickInterval="2"/>
      <Threshold Name="36" Position="+34.842943+136.809126"/>
    </Runway>
    <Symbol Type="HollowTriangle">
        <Point>SOBAR</Point>
        <Point>STRAW</Point>
        <Point>GOHEI</Point>
        <Point>KROBE</Point>
        <Point>FAROL</Point>
        <Point>COSTA</Point>
        <Point>LAURA</Point>
        <Point>BOGON</Point>
        <Point>FTAMI</Point>
        <Point>ESPAN</Point>
        <Point>MORIZ</Point>
        <Point>TSUGU</Point>
        <Point>CHAUS</Point>
        <Point>HIKNE</Point>
        <Point>MIDER</Point>
        <Point>WAKIT</Point>
        <Point>PIONE</Point>
        <Point>KOSEI</Point>
        <Point>GG800</Point>
        <Point>DEGNA</Point>
        <Point>ENSYU</Point>
        <Point>ANJYO</Point>
        <Point>TITAN</Point>
        <Point>PUDAN</Point>
        <Point>CHESS</Point>
        <Point>KUMOZ</Point>
        <Point>ISUZU</Point>
        <Point>ATENA</Point>
        <Point>SOLON</Point>
        <Point>MINEL</Point>
        <Point>CARDS</Point>
        <Point>OLTOM</Point>
        <Point>SLIDE</Point>
        <Point>SWING</Point>
        <Point>GG850</Point>
        <Point>LICOR</Point>
        <Point>QUEST</Point>
        <Point>GG851</Point>
        <Point>MEIJI</Point>
        <Point>BIWWA</Point>
        <Point>TRIKE</Point>
        <Point>MALUS</Point>
        <Point>MOANA</Point>
        <Point>RALPH</Point>
        <Point>FENDI</Point>
        <Point>ORVIL</Point>
        <Point>POKER</Point>
        <Point>ELSAH</Point>
        <Point>MATCH</Point>
        <Point>MARIA</Point>
        <Point>NEZAM</Point>
        <Point>MAPLE</Point>
        <Point>SANOR</Point>
    </Symbol>
    <Symbol Type="Hexagon">
      <Point>CBE</Point>
      <Point>KCC</Point>
      <Point>KEC</Point>
      <Point>YME</Point>
    </Symbol>
    <Symbol Type="HollowSquare">
      <Point>CBE</Point>
      <Point>KCC</Point>
      <Point>KEC</Point>
      <Point>YME</Point>
    </Symbol>
  </Map>
  <Map Type="System" Name="RJGG_18_LABEL" CustomColourName="ACA_MAP" Priority="2" Center="+34.858333+136.805278">
    <Label>
        <Point>SOBAR</Point>
        <Point>STRAW</Point>
        <Point>GOHEI</Point>
        <Point>KROBE</Point>
        <Point>FAROL</Point>
        <Point>COSTA</Point>
        <Point>LAURA</Point>
        <Point>BOGON</Point>
        <Point>FTAMI</Point>
        <Point>ESPAN</Point>
        <Point>MORIZ</Point>
        <Point>TSUGU</Point>
        <Point>CHAUS</Point>
        <Point>HIKNE</Point>
        <Point>MIDER</Point>
        <Point>WAKIT</Point>
        <Point>PIONE</Point>
        <Point>KOSEI</Point>
        <Point>GG800</Point>
        <Point>DEGNA</Point>
        <Point>ENSYU</Point>
        <Point>ANJYO</Point>
        <Point>TITAN</Point>
        <Point>PUDAN</Point>
        <Point>CHESS</Point>
        <Point>KUMOZ</Point>
        <Point>ISUZU</Point>
        <Point>ATENA</Point>
        <Point>SOLON</Point>
        <Point>MINEL</Point>
        <Point>CARDS</Point>
        <Point>OLTOM</Point>
        <Point>SLIDE</Point>
        <Point>SWING</Point>
        <Point>GG850</Point>
        <Point>LICOR</Point>
        <Point>QUEST</Point>
        <Point>GG851</Point>
        <Point>MEIJI</Point>
        <Point>BIWWA</Point>
        <Point>TRIKE</Point>
        <Point>MALUS</Point>
        <Point>MOANA</Point>
        <Point>RALPH</Point>
        <Point>FENDI</Point>
        <Point>ORVIL</Point>
        <Point>POKER</Point>
        <Point>ELSAH</Point>
        <Point>MATCH</Point>
        <Point>MARIA</Point>
        <Point>NEZAM</Point>
        <Point>MAPLE</Point>
        <Point>SANOR</Point>  
        <Point>CBE</Point>
        <Point>KCC</Point>
        <Point>KEC</Point>
        <Point>YME</Point>
    </Label>
  </Map>
</Maps>