﻿<?xml version="1.0" encoding="utf-8"?>
<Maps>
  <Map Type="System" Name="RJSC" Priority="0" Center="+38.411945+140.371111">
    <Runway Name="01_19">
      <Threshold Name="01" Position="+38.402932+140.370037" ExtendedCentrelineTrack="186" ExtendedCentrelineLength="5" ExtendedCentrelineTickInterval="2" />
      <Threshold Name="19" Position="+38.420831+140.372673" ExtendedCentrelineTrack="006" ExtendedCentrelineLength="5" ExtendedCentrelineTickInterval="2"/>
    </Runway>
    <Symbol Type="HollowTriangle">
      <Point>SC901</Point>
      <Point>SC902</Point>
      <Point>HANKA</Point>
      <Point>SC900</Point>
      <Point>SC100</Point>
      <Point>AKAYU</Point>
      <Point>SC101</Point>
      <Point>SC102</Point>
      <Point>ZUNDA</Point>
      <Point>RUBIS</Point>
      <Point>SC903</Point>
      <Point>SC904</Point>
      <Point>SC905</Point>
      <Point>SC906</Point>
      <Point>IBELU</Point>
      <Point>MOGMI</Point>
      <Point>MEDET</Point>
      <Point>QDARI</Point>
      <Point>ELDAK</Point>
      <Point>LAVOT</Point>
      <Point>TUYAH</Point>
      <Point>SUGGY</Point>
      <Point>YOZAN</Point>
      <Point>IMONY</Point>
      <Point>LAFRA</Point>
      <Point>SC950</Point>
      <Point>GINZA</Point>
    </Symbol>
    <Symbol Type="Hexagon">
      <Point>GTC</Point>
      <Point>YTE</Point>
    </Symbol>
    <Symbol Type="HollowSquare">
      <Point>GTC</Point>
      <Point>YTE</Point>
    </Symbol>
  </Map>
  <Map Type="System" Name="RJSC_LABEL" Priority="2" Center="+38.411945+140.371111">
    <Label>
      <Point>SC901</Point>
      <Point>SC902</Point>
      <Point>HANKA</Point>
      <Point>SC900</Point>
      <Point>SC100</Point>
      <Point>AKAYU</Point>
      <Point>SC101</Point>
      <Point>SC102</Point>
      <Point>ZUNDA</Point>
      <Point>RUBIS</Point>
      <Point>SC903</Point>
      <Point>SC904</Point>
      <Point>SC905</Point>
      <Point>SC906</Point>
      <Point>IBELU</Point>
      <Point>MOGMI</Point>
      <Point>MEDET</Point>
      <Point>QDARI</Point>
      <Point>ELDAK</Point>
      <Point>LAVOT</Point>
      <Point>TUYAH</Point>
      <Point>SUGGY</Point>
      <Point>YOZAN</Point>
      <Point>IMONY</Point>
      <Point>LAFRA</Point>
      <Point>SC950</Point>
      <Point>GINZA</Point>
      <Point>GTC</Point>
      <Point>YTE</Point>
    </Label>
  </Map>
</Maps>