﻿<?xml version="1.0" encoding="utf-8"?>
<Maps>
  <Map Type="System" Name="RJSF" Priority="0" Center="+37.227500+140.428056">
    <Runway Name="01_19">
      <Threshold Name="01" Position="+37.216172+140.427465" ExtendedCentrelineTrack="182" ExtendedCentrelineLength="5" ExtendedCentrelineTickInterval="2" />
      <Threshold Name="19" Position="+37.238694+140.428545" ExtendedCentrelineTrack="002" ExtendedCentrelineLength="5" ExtendedCentrelineTickInterval="2"/>
    </Runway>
    <Symbol Type="HollowTriangle">
      <Point>HATRI</Point>
      <Point>NASNO</Point>
      <Point>SF100</Point>
      <Point>SF120</Point>
      <Point>SF121</Point>
      <Point>SF122</Point>
      <Point>SF123</Point>
      <Point>SF923</Point>
      <Point>SF922</Point>
      <Point>SF921</Point>
      <Point>SF920</Point>
      <Point>OKUJI</Point>
      <Point>SOUMA</Point>
      <Point>HERON</Point>
      <Point>WAKAH</Point>
      <Point>ADTRA</Point>
      <Point>DAIGO</Point>
      <Point>WISHU</Point>
      <Point>SF950</Point>
      <Point>MATUN</Point>
    </Symbol>
    <Symbol Type="Hexagon">
      <Point>FKE</Point>
    </Symbol>
    <Symbol Type="HollowSquare">
      <Point>FKE</Point>
    </Symbol>
  </Map>
  <Map Type="System" Name="RJSF_LABEL" Priority="2" Center="+37.227500+140.428056">
    <Label>
      <Point>HATRI</Point>
      <Point>NASNO</Point>
      <Point>SF100</Point>
      <Point>SF120</Point>
      <Point>SF121</Point>
      <Point>SF122</Point>
      <Point>SF123</Point>
      <Point>SF923</Point>
      <Point>SF922</Point>
      <Point>SF921</Point>
      <Point>SF920</Point>
      <Point>OKUJI</Point>
      <Point>SOUMA</Point>
      <Point>HERON</Point>
      <Point>WAKAH</Point>
      <Point>ADTRA</Point>
      <Point>DAIGO</Point>
      <Point>WISHU</Point>
      <Point>SF950</Point>
      <Point>MATUN</Point>
      <Point>FKE</Point>
    </Label>
  </Map>
</Maps>