﻿<?xml version="1.0" encoding="utf-8"?>
<Maps>
  <Map Type="System" Name="RJAA_16Z" CustomColourName="ACA_MAP" Priority="0" Center="+35.765278+140.385556">
    <Runway Name="16R_34L">
      <Threshold Name="16R" Position="+35.774401+140.368321" ExtendedCentrelineTrack="330" ExtendedCentrelineLength="21" ExtendedCentrelineTickInterval="2" />
      <Threshold Name="34L" Position="+35.743314+140.390741"/>
    </Runway>
    <Runway Name="16L_34R">
      <Threshold Name="16L" Position="+35.805201+140.378112" ExtendedCentrelineTrack="330" ExtendedCentrelineLength="21" ExtendedCentrelineTickInterval="2"/>
      <Threshold Name="34R" Position="+35.785778+140.392156"/>
    </Runway>
    <Symbol Type="HollowTriangle">
        <Point>LOPIA</Point>
        <Point>YAOKO</Point>
        <Point>AKAGI</Point>
        <Point>BEAMS</Point>
        <Point>A6L21</Point>
        <Point>OLVAN</Point>
        <Point>GRAYL</Point>
        <Point>BORLO</Point>
        <Point>ASPEN</Point>
        <Point>A6R12</Point>
        <Point>TAPIR</Point>
        <Point>GULBO</Point>
        <Point>PABLO</Point>
        <Point>NORIS</Point>
        <Point>HANAR</Point>
        <Point>SAMUS</Point>
        <Point>A6R11</Point>
        <Point>DAITO</Point>
        <Point>PEDLA</Point>
        <Point>AA631</Point>
        <Point>AA632</Point>
        <Point>ACURE</Point>
        <Point>PAGOT</Point>
        <Point>PIGOK</Point>
        <Point>KUJYU</Point>
        <Point>REDEK</Point>
        <Point>SUNNS</Point>
        <Point>A6R13</Point>
        <Point>A6R14</Point>
        <Point>TETRA</Point>
        <Point>PHLOX</Point>
        <Point>RAMBA</Point>
        <Point>ENPAR</Point>
        <Point>RADIX</Point>
        <Point>WHARF</Point>
        <Point>KIMIN</Point>
        <Point>AGRIS</Point>
        <Point>BOSPA</Point>
        <Point>SIMAK</Point>
        <Point>LAKES</Point>
        <Point>BINKS</Point>
        <Point>SWAMP</Point>
        <Point>DANTE</Point>
        <Point>LUBLA</Point>
        <Point>REGZA</Point>
        <Point>BARON</Point>
        <Point>NORMA</Point>
        <Point>VOGUE</Point>
        <Point>AA658</Point>
        <Point>AA659</Point>
        <Point>SAFRA</Point>
        <Point>CASIO</Point>
        <Point>GEMIN</Point>
        <Point>RUTAS</Point>
        <Point>VENUS</Point>
        <Point>COPEN</Point>
        <Point>BOOTH</Point>
        <Point>AA651</Point>
        <Point>AA652</Point>
        <Point>GAMMA</Point>
        <Point>GAUDI</Point>
        <Point>SUPOK</Point>
        <Point>AA657</Point>
        <Point>VIXEN</Point>
        <Point>PLEIA</Point>
        <Point>AA655</Point>
        <Point>AA656</Point>
        <Point>BETEL</Point>
        <Point>AA653</Point>
        <Point>AA654</Point>
        <Point>SPITZ</Point>
        <Point>LUNAR</Point>
        <Point>MARCH</Point>
        <Point>LARKS</Point>
        <Point>METIS</Point>
        <Point>CYGNY</Point>
        <Point>ACELA</Point>
        <Point>PIXUS</Point>
        <Point>BROOK</Point>
        <Point>KOALA</Point>
        <Point>GOKOR</Point>
        <Point>GUMYO</Point>
        <Point>MAMAS</Point>
        <Point>GURIP</Point>
        <Point>LESPO</Point>
        <Point>VAGLA</Point>
    </Symbol>
    <Symbol Type="Hexagon">
        <Point>NRE</Point>
        <Point>HME</Point>
        <Point>SZE</Point>
    </Symbol>
    <Symbol Type="HollowSquare">
        <Point>NRE</Point>
        <Point>HME</Point>
        <Point>SZE</Point>
    </Symbol>
  </Map>
  <Map Type="System" Name="RJAA_16Z_LABEL" CustomColourName="ACA_MAP" Priority="2" Center="+35.765278+140.385556">
    <Label>
        <Point>LOPIA</Point>
        <Point>YAOKO</Point>
        <Point>AKAGI</Point>
        <Point>BEAMS</Point>
        <Point>A6L21</Point>
        <Point>OLVAN</Point>
        <Point>GRAYL</Point>
        <Point>BORLO</Point>
        <Point>ASPEN</Point>
        <Point>A6R12</Point>
        <Point>TAPIR</Point>
        <Point>GULBO</Point>
        <Point>PABLO</Point>
        <Point>NORIS</Point>
        <Point>HANAR</Point>
        <Point>SAMUS</Point>
        <Point>A6R11</Point>
        <Point>DAITO</Point>
        <Point>PEDLA</Point>
        <Point>AA631</Point>
        <Point>AA632</Point>
        <Point>ACURE</Point>
        <Point>PAGOT</Point>
        <Point>PIGOK</Point>
        <Point>KUJYU</Point>
        <Point>REDEK</Point>
        <Point>SUNNS</Point>
        <Point>A6R13</Point>
        <Point>A6R14</Point>
        <Point>TETRA</Point>
        <Point>PHLOX</Point>
        <Point>RAMBA</Point>
        <Point>ENPAR</Point>
        <Point>RADIX</Point>
        <Point>WHARF</Point>
        <Point>KIMIN</Point>
        <Point>AGRIS</Point>
        <Point>BOSPA</Point>
        <Point>SIMAK</Point>
        <Point>LAKES</Point>
        <Point>BINKS</Point>
        <Point>SWAMP</Point>
        <Point>DANTE</Point>
        <Point>LUBLA</Point>
        <Point>REGZA</Point>
        <Point>BARON</Point>
        <Point>NORMA</Point>
        <Point>VOGUE</Point>
        <Point>AA658</Point>
        <Point>AA659</Point>
        <Point>SAFRA</Point>
        <Point>CASIO</Point>
        <Point>GEMIN</Point>
        <Point>RUTAS</Point>
        <Point>VENUS</Point>
        <Point>COPEN</Point>
        <Point>BOOTH</Point>
        <Point>AA651</Point>
        <Point>AA652</Point>
        <Point>GAMMA</Point>
        <Point>GAUDI</Point>
        <Point>SUPOK</Point>
        <Point>AA657</Point>
        <Point>VIXEN</Point>
        <Point>PLEIA</Point>
        <Point>AA655</Point>
        <Point>AA656</Point>
        <Point>BETEL</Point>
        <Point>AA653</Point>
        <Point>AA654</Point>
        <Point>SPITZ</Point>
        <Point>LUNAR</Point>
        <Point>MARCH</Point>
        <Point>LARKS</Point>
        <Point>METIS</Point>
        <Point>CYGNY</Point>
        <Point>ACELA</Point>
        <Point>PIXUS</Point>
        <Point>BROOK</Point>
        <Point>KOALA</Point>
        <Point>GOKOR</Point>
        <Point>GUMYO</Point>
        <Point>MAMAS</Point>
        <Point>GURIP</Point>
        <Point>LESPO</Point>
        <Point>VAGLA</Point>
        <Point>NRE</Point>
        <Point>HME</Point>
        <Point>SZE</Point>
    </Label>
  </Map>
</Maps>