﻿<?xml version="1.0" encoding="utf-8"?>
<Maps>
  <Map Type="System" Name="RJAA_34" CustomColourName="ACA_MAP" Priority="0" Center="+35.765278+140.385556">
    <Runway Name="16R_34L">
      <Threshold Name="16R" Position="+35.774401+140.368321"/>
      <Threshold Name="34L" Position="+35.743314+140.390741" ExtendedCentrelineTrack="150" ExtendedCentrelineLength="21" ExtendedCentrelineTickInterval="2" />
    </Runway>
    <Runway Name="16L_34R">
      <Threshold Name="16L" Position="+35.805201+140.378112"/>
      <Threshold Name="34R" Position="+35.785778+140.392156" ExtendedCentrelineTrack="150" ExtendedCentrelineLength="21" ExtendedCentrelineTickInterval="2"/>
    </Runway>
    <Symbol Type="HollowTriangle">
        <Point>LOPIA</Point>
        <Point>YAOKO</Point>
        <Point>AKAGI</Point>
        <Point>BOXER</Point>
        <Point>ARIES</Point>
        <Point>A4L11</Point>
        <Point>AR4L12</Point>
        <Point>A4L13</Point>
        <Point>A4L14</Point>
        <Point>ROONY</Point>
        <Point>CHUMS</Point>
        <Point>CUPUD</Point>
        <Point>BORLO</Point>
        <Point>A4R21</Point>
        <Point>A4R22</Point>
        <Point>A4R23</Point>
        <Point>PEGAS</Point>
        <Point>LUCCA</Point>
        <Point>GULBO</Point>
        <Point>OLVAN</Point>
        <Point>PABLO</Point>
        <Point>NORIS</Point>
        <Point>HANAR</Point>
        <Point>SAMUS</Point>
        <Point>ASTRA</Point>
        <Point>AA453</Point>
        <Point>DAITO</Point>
        <Point>PEDLA</Point>
        <Point>IBURA</Point>
        <Point>ADRIA</Point>
        <Point>PIGOK</Point>
        <Point>GULID</Point>
        <Point>ROSSO</Point>
        <Point>PORCO</Point>
        <Point>REDEK</Point>
        <Point>SUNNS</Point>
        <Point>TETRA</Point>
        <Point>RADIX</Point>
        <Point>WHARF</Point>
        <Point>AGRIS</Point>
        <Point>KIMIN</Point>
        <Point>RAMBA</Point>
        <Point>ENPAR</Point>
        <Point>ASTON</Point>
        <Point>BOSPA</Point>
        <Point>SIMAK</Point>
        <Point>GIINA</Point>
        <Point>BINKS</Point>
        <Point>TEMIS</Point>
        <Point>LUBLA</Point>
        <Point>TORCH</Point>
        <Point>CORGI</Point>
        <Point>ELGAR</Point>
        <Point>SOFIA</Point>
        <Point>AA458</Point>
        <Point>AA459</Point>
        <Point>AA460</Point>
        <Point>AA461</Point>
        <Point>BELKS</Point>
        <Point>PEAKS</Point>
        <Point>TYLER</Point>
        <Point>RUTAS</Point>
        <Point>VENUS</Point>
        <Point>JARED</Point>
        <Point>AA451</Point>
        <Point>AA452</Point>
        <Point>YUMIL</Point>
        <Point>JITAN</Point>
        <Point>AQUOS</Point>
        <Point>SIGMA</Point>
        <Point>SUPOK</Point>
        <Point>PLOKY</Point>
        <Point>UNARI</Point>
        <Point>SWAMP</Point>
        <Point>VICEN</Point>
        <Point>PLEIA</Point>
        <Point>MIFFY</Point>
        <Point>KARMA</Point>
        <Point>DREAM</Point>
        <Point>MCGEE</Point>
        <Point>AA455</Point>
        <Point>AA456</Point>
        <Point>AA457</Point>
        <Point>HYDRA</Point>
        <Point>DANTE</Point>
        <Point>HARPS</Point>
        <Point>COSMO</Point>
        <Point>GUMYO</Point>
        <Point>FIONA</Point>
        <Point>CROWN</Point>
        <Point>LAPIS</Point>
        <Point>MAMAS</Point>
        <Point>GURIP</Point>
        <Point>LESPO</Point>
        <Point>VAGLA</Point>
    </Symbol>
    <Symbol Type="Hexagon">
        <Point>NRE</Point>
        <Point>HME</Point>
        <Point>SZE</Point>
    </Symbol>
    <Symbol Type="HollowSquare">
        <Point>NRE</Point>
        <Point>HME</Point>
        <Point>SZE</Point>
    </Symbol>
  </Map>
  <Map Type="System" Name="RJAA_34_LABEL" CustomColourName="ACA_MAP" Priority="2" Center="+35.765278+140.385556">
    <Label>
        <Point>LOPIA</Point>
        <Point>YAOKO</Point>
        <Point>AKAGI</Point>
        <Point>BOXER</Point>
        <Point>ARIES</Point>
        <Point>A4L11</Point>
        <Point>AR4L12</Point>
        <Point>A4L13</Point>
        <Point>A4L14</Point>
        <Point>ROONY</Point>
        <Point>CHUMS</Point>
        <Point>CUPUD</Point>
        <Point>BORLO</Point>
        <Point>A4R21</Point>
        <Point>A4R22</Point>
        <Point>A4R23</Point>
        <Point>PEGAS</Point>
        <Point>LUCCA</Point>
        <Point>GULBO</Point>
        <Point>OLVAN</Point>
        <Point>PABLO</Point>
        <Point>NORIS</Point>
        <Point>HANAR</Point>
        <Point>SAMUS</Point>
        <Point>ASTRA</Point>
        <Point>AA453</Point>
        <Point>DAITO</Point>
        <Point>PEDLA</Point>
        <Point>IBURA</Point>
        <Point>ADRIA</Point>
        <Point>PIGOK</Point>
        <Point>GULID</Point>
        <Point>ROSSO</Point>
        <Point>PORCO</Point>
        <Point>REDEK</Point>
        <Point>SUNNS</Point>
        <Point>TETRA</Point>
        <Point>RADIX</Point>
        <Point>WHARF</Point>
        <Point>AGRIS</Point>
        <Point>KIMIN</Point>
        <Point>RAMBA</Point>
        <Point>ENPAR</Point>
        <Point>ASTON</Point>
        <Point>BOSPA</Point>
        <Point>SIMAK</Point>
        <Point>GIINA</Point>
        <Point>BINKS</Point>
        <Point>TEMIS</Point>
        <Point>LUBLA</Point>
        <Point>TORCH</Point>
        <Point>CORGI</Point>
        <Point>ELGAR</Point>
        <Point>SOFIA</Point>
        <Point>AA458</Point>
        <Point>AA459</Point>
        <Point>AA460</Point>
        <Point>AA461</Point>
        <Point>BELKS</Point>
        <Point>PEAKS</Point>
        <Point>TYLER</Point>
        <Point>RUTAS</Point>
        <Point>VENUS</Point>
        <Point>JARED</Point>
        <Point>AA451</Point>
        <Point>AA452</Point>
        <Point>YUMIL</Point>
        <Point>JITAN</Point>
        <Point>AQUOS</Point>
        <Point>SIGMA</Point>
        <Point>SUPOK</Point>
        <Point>PLOKY</Point>
        <Point>UNARI</Point>
        <Point>SWAMP</Point>
        <Point>VICEN</Point>
        <Point>PLEIA</Point>
        <Point>MIFFY</Point>
        <Point>KARMA</Point>
        <Point>DREAM</Point>
        <Point>MCGEE</Point>
        <Point>AA455</Point>
        <Point>AA456</Point>
        <Point>AA457</Point>
        <Point>HYDRA</Point>
        <Point>DANTE</Point>
        <Point>HARPS</Point>
        <Point>COSMO</Point>
        <Point>GUMYO</Point>
        <Point>FIONA</Point>
        <Point>CROWN</Point>
        <Point>LAPIS</Point>
        <Point>MAMAS</Point>
        <Point>GURIP</Point>
        <Point>LESPO</Point>
        <Point>VAGLA</Point>
        <Point>NRE</Point>
        <Point>HME</Point>
        <Point>SZE</Point>
    </Label>
  </Map>
</Maps>