﻿<?xml version="1.0" encoding="utf-8"?>
<Maps>
  <Map Type="System" Name="RJAN" Priority="0" Center="+34.369445+139.268611">
    <Runway Name="11_29">
      <Threshold Name="11" Position="+34.370313+139.264288" ExtendedCentrelineTrack="282" ExtendedCentrelineLength="5" ExtendedCentrelineTickInterval="2" />
      <Threshold Name="29" Position="+34.368777+139.272768" ExtendedCentrelineTrack="102" ExtendedCentrelineLength="5" ExtendedCentrelineTickInterval="2"/>
    </Runway>
    <Symbol Type="HollowTriangle">
        <Point>WAVES</Point>
        <Point>VESEL</Point>
        <Point>AN150</Point>
        <Point>OADLE</Point>
        <Point>AN850</Point>
    </Symbol>
    <Symbol Type="Hexagon">
        <Point>XAC</Point>
    </Symbol>
    <Symbol Type="HollowSquare">
        <Point>XAC</Point>
    </Symbol>
  </Map>
  <Map Type="System" Name="RJAN_LABEL" Priority="2" Center="+34.369445+139.268611">
    <Label>
        <Point>WAVES</Point>
        <Point>VESEL</Point>
        <Point>AN150</Point>
        <Point>OADLE</Point>
        <Point>AN850</Point>
        <Point>XAC</Point>
    </Label>
  </Map>
</Maps>