﻿<?xml version="1.0" encoding="utf-8"?>
<Maps>
  <Map Type="System" Name="RJAZ" Priority="0" Center="+34.189445+139.133611">
    <Runway Name="11_29">
      <Threshold Name="11" Position="+34.190368+139.129284" ExtendedCentrelineTrack="285" ExtendedCentrelineLength="5" ExtendedCentrelineTickInterval="2" />
      <Threshold Name="29" Position="+34.188507+139.137644" ExtendedCentrelineTrack="105" ExtendedCentrelineLength="5" ExtendedCentrelineTickInterval="2"/>
    </Runway>
    <Symbol Type="HollowTriangle">
        <Point>KOUGA</Point>
        <Point>SENOL</Point>
        <Point>AZ150</Point>
        <Point>TENJO</Point>
        <Point>AZ950</Point>
    </Symbol>
    <Symbol Type="Hexagon">
        <Point>XAC</Point>
    </Symbol>
    <Symbol Type="HollowSquare">
        <Point>XAC</Point>
    </Symbol>
  </Map>
  <Map Type="System" Name="RJAZ_LABEL" Priority="2" Center="+34.189445+139.133611">
    <Label>
        <Point>KOUGA</Point>
        <Point>SENOL</Point>
        <Point>AZ150</Point>
        <Point>TENJO</Point>
        <Point>AZ950</Point>
        <Point>XAC</Point>
    </Label>
  </Map>
</Maps>