﻿<?xml version="1.0" encoding="utf-8"?>
<Maps>
  <Map Type="System" Name="RJTT_MID" CustomColourName="ACA_MAP" Priority="0" Center="+35.553333+139.781111">
    <Runway Name="16R_34L">
      <Threshold Name="16R" Position="+35.556258+139.771705"/>
      <Threshold Name="34L" Position="+35.536595+139.785673" ExtendedCentrelineTrack="150" ExtendedCentrelineLength="21" ExtendedCentrelineTickInterval="2" />
    </Runway>
    <Runway Name="16L_34R">
      <Threshold Name="16L" Position="+35.562864+139.788706"/>
      <Threshold Name="34R" Position="+35.542506+139.803163" ExtendedCentrelineTrack="150" ExtendedCentrelineLength="21" ExtendedCentrelineTickInterval="2" />
    </Runway>
    <Runway Name="04_22">
      <Threshold Name="04" Position="+35.549025+139.761254"/>
      <Threshold Name="22" Position="+35.567470+139.777103"/>
    </Runway>
    <Runway Name="05_23">
      <Threshold Name="05" Position="+35.524008+139.803459"/>
      <Threshold Name="23" Position="+35.540605+139.822118" ExtendedCentrelineTrack="044" ExtendedCentrelineLength="21" ExtendedCentrelineTickInterval="2"/>
    </Runway>
    <Runway Name="L05_L23">
      <Threshold Name="L05" Position="+35.569547+139.782258"/>
      <Threshold Name="L23" Position="+35.569547+139.782258" ExtendedCentrelineTrack="089" ExtendedCentrelineLength="21" ExtendedCentrelineTickInterval="2"/>
    </Runway>
    <Symbol Type="HollowTriangle">
        <Point>OPPAR</Point>
        <Point>JYOGA</Point>
        <Point>UTIBO</Point>
        <Point>AKSEL</Point>
        <Point>AROSA</Point>
        <Point>AVEEY</Point>
        <Point>MESSE</Point>
        <Point>UTIBO</Point>
        <Point>UMUKI</Point>
        <Point>KAIHO</Point>
        <Point>KAIHO</Point>
        <Point>LD225</Point>
        <Point>LD224</Point>
        <Point>LD223</Point>
        <Point>BALAN</Point>
        <Point>TAYAS</Point>
        <Point>DARKS</Point>
        <Point>DOMEL</Point>
        <Point>AVION</Point>
        <Point>ALLIE</Point>
        <Point>AZURE</Point>
        <Point>CURVY</Point>
        <Point>CECIL</Point>
        <Point>CREST</Point>
        <Point>CHIBA</Point>
        <Point>URAGA</Point>
        <Point>UTIBO</Point>
        <Point>DARKS</Point>
        <Point>SAZAN</Point>
        <Point>SPENS</Point>
        <Point>SELNO</Point>
        <Point>TEDIX</Point>
        <Point>TOPIT</Point>
        <Point>MESSE</Point>
        <Point>INUBO</Point>
    </Symbol>
    <Symbol Type="Hexagon">
        <Point>XAC</Point>
        <Point>SYE</Point>
        <Point>HME</Point>
    </Symbol>
    <Symbol Type="HollowSquare">
        <Point>XAC</Point>
        <Point>SYE</Point>
        <Point>HME</Point>
    </Symbol>
  </Map>
  <Map Type="System" Name="RJTT_MID_LABEL" CustomColourName="ACA_MAP" Priority="2" Center="+35.553333+139.781111">
    <Label>
        <Point>OPPAR</Point>
        <Point>JYOGA</Point>
        <Point>UTIBO</Point>
        <Point>AKSEL</Point>
        <Point>AROSA</Point>
        <Point>AVEEY</Point>
        <Point>MESSE</Point>
        <Point>UTIBO</Point>
        <Point>UMUKI</Point>
        <Point>KAIHO</Point>
        <Point>KAIHO</Point>
        <Point>LD225</Point>
        <Point>LD224</Point>
        <Point>LD223</Point>
        <Point>BALAN</Point>
        <Point>TAYAS</Point>
        <Point>DARKS</Point>
        <Point>DOMEL</Point>
        <Point>AVION</Point>
        <Point>ALLIE</Point>
        <Point>AZURE</Point>
        <Point>CURVY</Point>
        <Point>CECIL</Point>
        <Point>CREST</Point>
        <Point>CHIBA</Point>
        <Point>URAGA</Point>
        <Point>UTIBO</Point>
        <Point>DARKS</Point>
        <Point>SAZAN</Point>
        <Point>SPENS</Point>
        <Point>SELNO</Point>
        <Point>TEDIX</Point>
        <Point>TOPIT</Point>
        <Point>MESSE</Point>
        <Point>INUBO</Point>
        <Point>XAC</Point>
        <Point>SYE</Point>
        <Point>HME</Point>
    </Label>
  </Map>
</Maps>