﻿<?xml version="1.0" encoding="utf-8"?>
<Maps>
  <Map Type="System" Name="RJTT_16" CustomColourName="ACA_MAP" Priority="0" Center="+35.553333+139.781111">
    <Runway Name="16R_34L">
      <Threshold Name="16R" Position="+35.556258+139.771705" ExtendedCentrelineTrack="330" ExtendedCentrelineLength="21" ExtendedCentrelineTickInterval="2" />
      <Threshold Name="34L" Position="+35.536595+139.785673"/>
    </Runway>
    <Runway Name="16L_34R">
      <Threshold Name="16L" Position="+35.562864+139.788706" ExtendedCentrelineTrack="330" ExtendedCentrelineLength="21" ExtendedCentrelineTickInterval="2"/>
      <Threshold Name="34R" Position="+35.542506+139.803163" />
    </Runway>
    <Runway Name="04_22">
      <Threshold Name="04" Position="+35.549025+139.761254"/>
      <Threshold Name="22" Position="+35.567470+139.777103"/>
    </Runway>
    <Runway Name="05_23">
      <Threshold Name="05" Position="+35.524008+139.803459"/>
      <Threshold Name="23" Position="+35.540605+139.822118"/>
    </Runway>
    <Symbol Type="HollowTriangle">
        <Point>T6R11</Point>
        <Point>WELDA</Point>
        <Point>PLUTO</Point>
        <Point>KAIJI</Point>
        <Point>INTEL</Point>
        <Point>RAGOS</Point>
        <Point>BEKLA</Point>
        <Point>HOBBS</Point>
        <Point>BASSA</Point>
        <Point>UMUKI</Point>
        <Point>PIPER</Point>
        <Point>SATOL</Point>
        <Point>CURVA</Point>
        <Point>GUSRO</Point>
        <Point>IMOLA</Point>
        <Point>LAXAS</Point>
        <Point>NINOX</Point>
        <Point>SPOON</Point>
        <Point>ROVER</Point>
        <Point>CLARK</Point>
        <Point>AKAGI</Point>
        <Point>BRUCE</Point>
        <Point>AGRIS</Point>
        <Point>LEWIS</Point>
        <Point>SILVA</Point>
        <Point>INUBO</Point>
        <Point>VAMOS</Point>
        <Point>UTIBO</Point>
        <Point>RUTAS</Point>
        <Point>LAYER</Point>
        <Point>TIARA</Point>
        <Point>DRAKY</Point>
        <Point>VADAR</Point>
        <Point>AKSEL</Point>
        <Point>SALLY</Point>
        <Point>SCOUT</Point>
        <Point>SCOPE</Point>
        <Point>T6R70</Point>
        <Point>NUMAN</Point>
        <Point>NORIK</Point>
        <Point>T6R71</Point>
        <Point>T6R72</Point>
        <Point>NURSE</Point>
        <Point>NEURO</Point>
        <Point>NIGEL</Point>
        <Point>NATTY</Point>
        <Point>TT253</Point>
        <Point>TT254</Point>
        <Point>TT255</Point>
        <Point>STOWE</Point>
        <Point>SHAFT</Point>
        <Point>SNOKE</Point>
        <Point>SPINE</Point>
        <Point>SOPPY</Point>
        <Point>SNARE</Point>
        <Point>SACHS</Point>
        <Point>SANDY</Point>
        <Point>AROSA</Point>
        <Point>AVEEY</Point>
        <Point>ALDEN</Point>
        <Point>TT256</Point>
        <Point>TT257</Point>
        <Point>SLICK</Point>
        <Point>GODIN</Point>
        <Point>NOVEL</Point>
        <Point>NAMCO</Point>
        <Point>TT680</Point>
        <Point>TT681</Point>
        <Point>NILUS</Point>
        <Point>ANZAC</Point>
        <Point>TT250</Point>
        <Point>TT251</Point>
        <Point>TT252</Point>
        <Point>STOCK</Point>
        <Point>POLIX</Point>
        <Point>SPENS</Point>
        <Point>SELNO</Point>
        <Point>TEDIX</Point>
        <Point>TOPIT</Point>
        <Point>MILIT</Point>
        <Point>LABAN</Point>
        <Point>LINEN</Point>
        <Point>LORRY</Point>
        <Point>LYCOS</Point>
        <Point>LYCEE</Point>
        <Point>RANGY</Point>
        <Point>RESIN</Point>
        <Point>RUGBY</Point>
        <Point>RONIE</Point>
        <Point>RACER</Point>
        <Point>REMUS</Point>
        <Point>ROWAN</Point>
        <Point>T6R12</Point>
        <Point>T6R76</Point>
    </Symbol>
    <Symbol Type="Hexagon">
        <Point>XAC</Point>
        <Point>SYE</Point>
        <Point>HME</Point>
    </Symbol>
    <Symbol Type="HollowSquare">
        <Point>XAC</Point>
        <Point>SYE</Point>
        <Point>HME</Point>
    </Symbol>
  </Map>
  <Map Type="System" Name="RJTT_16_LABEL" CustomColourName="ACA_MAP" Priority="2" Center="+35.553333+139.781111">
    <Label>
        <Point>T6R11</Point>
        <Point>WELDA</Point>
        <Point>PLUTO</Point>
        <Point>KAIJI</Point>
        <Point>INTEL</Point>
        <Point>RAGOS</Point>
        <Point>BEKLA</Point>
        <Point>HOBBS</Point>
        <Point>BASSA</Point>
        <Point>UMUKI</Point>
        <Point>PIPER</Point>
        <Point>SATOL</Point>
        <Point>CURVA</Point>
        <Point>GUSRO</Point>
        <Point>IMOLA</Point>
        <Point>LAXAS</Point>
        <Point>NINOX</Point>
        <Point>SPOON</Point>
        <Point>ROVER</Point>
        <Point>CLARK</Point>
        <Point>AKAGI</Point>
        <Point>BRUCE</Point>
        <Point>AGRIS</Point>
        <Point>LEWIS</Point>
        <Point>SILVA</Point>
        <Point>INUBO</Point>
        <Point>VAMOS</Point>
        <Point>UTIBO</Point>
        <Point>RUTAS</Point>
        <Point>LAYER</Point>
        <Point>TIARA</Point>
        <Point>DRAKY</Point>
        <Point>VADAR</Point>
        <Point>AKSEL</Point>
        <Point>SALLY</Point>
        <Point>SCOUT</Point>
        <Point>SCOPE</Point>
        <Point>T6R70</Point>
        <Point>NUMAN</Point>
        <Point>NORIK</Point>
        <Point>T6R71</Point>
        <Point>T6R72</Point>
        <Point>NURSE</Point>
        <Point>NEURO</Point>
        <Point>NIGEL</Point>
        <Point>NATTY</Point>
        <Point>TT253</Point>
        <Point>TT254</Point>
        <Point>TT255</Point>
        <Point>STOWE</Point>
        <Point>SHAFT</Point>
        <Point>SNOKE</Point>
        <Point>SPINE</Point>
        <Point>SOPPY</Point>
        <Point>SNARE</Point>
        <Point>SACHS</Point>
        <Point>SANDY</Point>
        <Point>AROSA</Point>
        <Point>AVEEY</Point>
        <Point>ALDEN</Point>
        <Point>TT256</Point>
        <Point>TT257</Point>
        <Point>SLICK</Point>
        <Point>GODIN</Point>
        <Point>NOVEL</Point>
        <Point>NAMCO</Point>
        <Point>TT680</Point>
        <Point>TT681</Point>
        <Point>NILUS</Point>
        <Point>ANZAC</Point>
        <Point>TT250</Point>
        <Point>TT251</Point>
        <Point>TT252</Point>
        <Point>STOCK</Point>
        <Point>POLIX</Point>
        <Point>SPENS</Point>
        <Point>SELNO</Point>
        <Point>TEDIX</Point>
        <Point>TOPIT</Point>
        <Point>MILIT</Point>
        <Point>LABAN</Point>
        <Point>LINEN</Point>
        <Point>LORRY</Point>
        <Point>LYCOS</Point>
        <Point>LYCEE</Point>
        <Point>RANGY</Point>
        <Point>RESIN</Point>
        <Point>RUGBY</Point>
        <Point>RONIE</Point>
        <Point>RACER</Point>
        <Point>REMUS</Point>
        <Point>ROWAN</Point>
        <Point>T6R12</Point>
        <Point>T6R76</Point>
        <Point>XAC</Point>
        <Point>SYE</Point>
        <Point>HME</Point>
    </Label>
  </Map>
</Maps>