﻿<?xml version="1.0" encoding="utf-8"?>
<Maps>
  <Map Type="System" Name="RJTT_34Z" CustomColourName="ACA_MAP" Priority="0" Center="+35.553333+139.781111">
    <Runway Name="16R_34L">
      <Threshold Name="16R" Position="+35.556258+139.771705"/>
      <Threshold Name="34L" Position="+35.536595+139.785673" ExtendedCentrelineTrack="150" ExtendedCentrelineLength="21" ExtendedCentrelineTickInterval="2" />
    </Runway>
    <Runway Name="16L_34R">
      <Threshold Name="16L" Position="+35.562864+139.788706"/>
      <Threshold Name="34R" Position="+35.542506+139.803163" ExtendedCentrelineTrack="150" ExtendedCentrelineLength="21" ExtendedCentrelineTickInterval="2" />
    </Runway>
    <Runway Name="04_22">
      <Threshold Name="04" Position="+35.549025+139.761254"/>
      <Threshold Name="22" Position="+35.567470+139.777103"/>
    </Runway>
    <Runway Name="05_23">
      <Threshold Name="05" Position="+35.524008+139.803459"/>
      <Threshold Name="23" Position="+35.540605+139.822118"/>
    </Runway>
    <Symbol Type="HollowTriangle">
        <Point>TORAM</Point>
        <Point>PLUTO</Point>
        <Point>KAIJI</Point>
        <Point>INTEL</Point>
        <Point>RAGOS</Point>
        <Point>BEKLA</Point>
        <Point>ARAKA</Point>
        <Point>EDOJO</Point>
        <Point>OHEDO</Point>
        <Point>TT501</Point>
        <Point>TT502</Point>
        <Point>LOCUP</Point>
        <Point>TT503</Point>
        <Point>KAMAT</Point>
        <Point>LAYER</Point>
        <Point>GUSRO</Point>
        <Point>TAURA</Point>
        <Point>IMOLA</Point>
        <Point>LAXAS</Point>
        <Point>BAYGE</Point>
        <Point>SEIKO</Point>
        <Point>NINOX</Point>
        <Point>SPOON</Point>
        <Point>ROVER</Point>
        <Point>CLARK</Point>
        <Point>AKAGI</Point>
        <Point>BRUCE</Point>
        <Point>AGRIS</Point>
        <Point>LEWIS</Point>
        <Point>SILVA</Point>
        <Point>INUBO</Point>
        <Point>VAMOS</Point>
        <Point>UTIBO</Point>
        <Point>RUTAS</Point>
        <Point>TIARA</Point>
        <Point>DRAKY</Point>
        <Point>VADAR</Point>
        <Point>SELNO</Point>
        <Point>AKSEL</Point>
        <Point>TT454</Point>
        <Point>TT455</Point>
        <Point>TT456</Point>
        <Point>WALLY</Point>
        <Point>WEDGE</Point>
        <Point>ARLON</Point>
        <Point>CLONE</Point>
        <Point>TT460</Point>
        <Point>TT461</Point>
        <Point>CIVIC</Point>
        <Point>TT462</Point>
        <Point>TT463</Point>
        <Point>TT464</Point>
        <Point>EPSON</Point>
        <Point>CREAM</Point>
        <Point>CLOAK</Point>
        <Point>CAMEL</Point>
        <Point>CACAO</Point>
        <Point>TOPIT</Point>
        <Point>AROSA</Point>
        <Point>AVEEY</Point>
        <Point>TT457</Point>
        <Point>TT458</Point>
        <Point>TT459</Point>
        <Point>WALTZ</Point>
        <Point>WESGE</Point>
        <Point>TEDIX</Point>
        <Point>GODIN</Point>
        <Point>CHIPS</Point>
        <Point>COLOR</Point>
        <Point>COPSE</Point>
        <Point>COACH</Point>
        <Point>TT465</Point>
        <Point>TT466</Point>
        <Point>TT467</Point>
        <Point>EDDIE</Point>
        <Point>TT468</Point>
        <Point>ANDEN</Point>
        <Point>SPENS</Point>
        <Point>ANZAC</Point>
        <Point>TT450</Point>
        <Point>TT451</Point>
        <Point>TT452</Point>
        <Point>TT453</Point>
        <Point>WANDA</Point>
        <Point>MILIT</Point>
        <Point>POLIX</Point>
        <Point>ADDUM</Point>
        <Point>STONE</Point>
        <Point>SINGO</Point>
        <Point>APOLO</Point>
        <Point>KASGA</Point>
        <Point>URAGA</Point>
    </Symbol>
    <Symbol Type="Hexagon">
        <Point>XAC</Point>
        <Point>SYE</Point>
        <Point>HME</Point>
    </Symbol>
    <Symbol Type="HollowSquare">
        <Point>XAC</Point>
        <Point>SYE</Point>
        <Point>HME</Point>
    </Symbol>
  </Map>
  <Map Type="System" Name="RJTT_34Z_LABEL" CustomColourName="ACA_MAP" Priority="2" Center="+35.553333+139.781111">
    <Label>
        <Point>TORAM</Point>
        <Point>PLUTO</Point>
        <Point>KAIJI</Point>
        <Point>INTEL</Point>
        <Point>RAGOS</Point>
        <Point>BEKLA</Point>
        <Point>ARAKA</Point>
        <Point>EDOJO</Point>
        <Point>OHEDO</Point>
        <Point>TT501</Point>
        <Point>TT502</Point>
        <Point>LOCUP</Point>
        <Point>TT503</Point>
        <Point>KAMAT</Point>
        <Point>LAYER</Point>
        <Point>GUSRO</Point>
        <Point>TAURA</Point>
        <Point>IMOLA</Point>
        <Point>LAXAS</Point>
        <Point>BAYGE</Point>
        <Point>SEIKO</Point>
        <Point>NINOX</Point>
        <Point>SPOON</Point>
        <Point>ROVER</Point>
        <Point>CLARK</Point>
        <Point>AKAGI</Point>
        <Point>BRUCE</Point>
        <Point>AGRIS</Point>
        <Point>LEWIS</Point>
        <Point>SILVA</Point>
        <Point>INUBO</Point>
        <Point>VAMOS</Point>
        <Point>UTIBO</Point>
        <Point>RUTAS</Point>
        <Point>TIARA</Point>
        <Point>DRAKY</Point>
        <Point>VADAR</Point>
        <Point>SELNO</Point>
        <Point>AKSEL</Point>
        <Point>TT454</Point>
        <Point>TT455</Point>
        <Point>TT456</Point>
        <Point>WALLY</Point>
        <Point>WEDGE</Point>
        <Point>UMUKI</Point>
        <Point>KAIHO</Point>
        <Point>ARLON</Point>
        <Point>CLONE</Point>
        <Point>TT460</Point>
        <Point>TT461</Point>
        <Point>CIVIC</Point>
        <Point>TT462</Point>
        <Point>TT463</Point>
        <Point>TT464</Point>
        <Point>EPSON</Point>
        <Point>CREAM</Point>
        <Point>CLOAK</Point>
        <Point>CAMEL</Point>
        <Point>CACAO</Point>
        <Point>TOPIT</Point>
        <Point>AROSA</Point>
        <Point>AVEEY</Point>
        <Point>TT457</Point>
        <Point>TT458</Point>
        <Point>TT459</Point>
        <Point>WALTZ</Point>
        <Point>WESGE</Point>
        <Point>TEDIX</Point>
        <Point>GODIN</Point>
        <Point>CHIPS</Point>
        <Point>COLOR</Point>
        <Point>COPSE</Point>
        <Point>COACH</Point>
        <Point>TT465</Point>
        <Point>TT466</Point>
        <Point>TT467</Point>
        <Point>EDDIE</Point>
        <Point>TT468</Point>
        <Point>ANDEN</Point>
        <Point>SPENS</Point>
        <Point>ANZAC</Point>
        <Point>TT450</Point>
        <Point>TT451</Point>
        <Point>TT452</Point>
        <Point>TT453</Point>
        <Point>WANDA</Point>
        <Point>MILIT</Point>
        <Point>POLIX</Point>
        <Point>ADDUM</Point>
        <Point>STONE</Point>
        <Point>SINGO</Point>
        <Point>APOLO</Point>
        <Point>KASGA</Point>
        <Point>URAGA</Point>
        <Point>XAC</Point>
        <Point>SYE</Point>
        <Point>HME</Point>
    </Label>
  </Map>
</Maps>