﻿<?xml version="1.0" encoding="utf-8"?>
<Maps>
  <Map Type="System" Name="RJSI" Priority="0" Center="+39.428611+141.135278">
    <Runway Name="02_20">
      <Threshold Name="02" Position="+39.417645+141.132700" ExtendedCentrelineTrack="199" ExtendedCentrelineLength="5" ExtendedCentrelineTickInterval="2" />
      <Threshold Name="20" Position="+39.439756+141.138117" ExtendedCentrelineTrack="019" ExtendedCentrelineLength="5" ExtendedCentrelineTickInterval="2"/>
    </Runway>
    <Symbol Type="HollowTriangle">
      <Point>HANKA</Point>
      <Point>ONSHU</Point>
      <Point>SI010</Point>
      <Point>AKARI</Point>
      <Point>DASCO</Point>
      <Point>SAMBO</Point>
      <Point>MORIO</Point>
      <Point>JAMEN</Point>
      <Point>REMEN</Point>
      <Point>SIOMO</Point>
      <Point>ANOLA</Point>
      <Point>NOPID</Point>
      <Point>ENBIM</Point>
      <Point>OMKOS</Point>
      <Point>SUIHO</Point>
      <Point>WANKO</Point>
      <Point>RYUTA</Point>
      <Point>NITBE</Point>
      <Point>ISIDO</Point>
      <Point>RYUHO</Point>
      <Point>TAIHO</Point>
      <Point>MOUSU</Point>
      <Point>PALPA</Point>
    </Symbol>
    <Symbol Type="Hexagon">
      <Point>HPE</Point>
      <Point>GTC</Point>
    </Symbol>
    <Symbol Type="HollowSquare">
      <Point>HPE</Point>
      <Point>GTC</Point>
    </Symbol>
  </Map>
  <Map Type="System" Name="RJSI_LABEL" Priority="2" Center="+39.428611+141.135278">
    <Label>
      <Point>HANKA</Point>
      <Point>ONSHU</Point>
      <Point>SI010</Point>
      <Point>AKARI</Point>
      <Point>DASCO</Point>
      <Point>SAMBO</Point>
      <Point>MORIO</Point>
      <Point>JAMEN</Point>
      <Point>REMEN</Point>
      <Point>SIOMO</Point>
      <Point>ANOLA</Point>
      <Point>NOPID</Point>
      <Point>ENBIM</Point>
      <Point>OMKOS</Point>
      <Point>SUIHO</Point>
      <Point>WANKO</Point>
      <Point>RYUTA</Point>
      <Point>NITBE</Point>
      <Point>ISIDO</Point>
      <Point>RYUHO</Point>
      <Point>TAIHO</Point>
      <Point>MOUSU</Point>
      <Point>PALPA</Point>
      <Point>HPE</Point>
      <Point>GTC</Point>
    </Label>
  </Map>
</Maps>