﻿<?xml version="1.0" encoding="utf-8"?>
<Maps>
  <Map Type="System" Name="RJOZ" Priority="0" Center="+34.046945+131.052500">
    <Runway Name="17_35">
      <Threshold Name="17" Position="+34.055062+131.047934" ExtendedCentrelineTrack="341" ExtendedCentrelineLength="5" ExtendedCentrelineTickInterval="2"/>
      <Threshold Name="35" Position="+34.044832+131.052333" ExtendedCentrelineTrack="161" ExtendedCentrelineLength="5" ExtendedCentrelineTickInterval="2"/>
    </Runway>
    <Runway Name="12_30">
      <Threshold Name="12" Position="+34.046064+131.050389" ExtendedCentrelineTrack="294" ExtendedCentrelineLength="5" ExtendedCentrelineTickInterval="2"/>
      <Threshold Name="30" Position="+34.042713+131.059278" ExtendedCentrelineTrack="114" ExtendedCentrelineLength="5" ExtendedCentrelineTickInterval="2"/>
    </Runway>
    <Symbol Type="HollowTriangle">
      <Point>MAZYA</Point>
      <Point>ARSAR</Point>
    </Symbol>
    <Symbol Type="Hexagon">
      <Point>OCT</Point>
      <Point>DGC</Point>
      <Point>IWT</Point>
    </Symbol>
    <Symbol Type="HollowSquare">
      <Point>OCT</Point>
      <Point>DGC</Point>
      <Point>IWT</Point>
    </Symbol>
  </Map>
  <Map Type="System" Name="RJOZ_LABEL" Priority="2" Center="+34.046945+131.052500">
    <Label>
      <Point>MAZYA</Point>
      <Point>ARSAR</Point>
      <Point>OCT</Point>
      <Point>DGC</Point>
      <Point>IWT</Point>
    </Label>
  </Map>
</Maps>