<?xml version="1.0" encoding="utf-8"?>
<Maps>
  <Map Type="System" Name="Airways_RNAV_Fix" Priority="0" Center="+36.013056+137.993333">
    <Symbol Type="HollowTriangle">
      <Point>HARKI</Point>
      <Point>IGPAK</Point>
      <Point>ISMAV</Point>
      <Point>IPGUD</Point>
      <Point>BUICK</Point>
      <Point>AKUSI</Point>
      <Point>CORCO</Point>
      <Point>WHALE</Point>
      <Point>LUMIN</Point>
      <Point>YOROI</Point>
      <Point>RUMOI</Point>
      <Point>TOBBY</Point>
      <Point>LARCH</Point>
      <Point>PANSY</Point>
      <Point>VINAR</Point>
      <Point>ZAHAN</Point>
      <Point>RUBIS</Point>
      <Point>ASHRA</Point>
      <Point>SASAP</Point>
      <Point>GUSGI</Point>
      <Point>DAIGO</Point>
      <Point>TEDIX</Point>
      <Point>GODIN</Point>
      <Point>ESBUN</Point>
      <Point>ENBIM</Point>
      <Point>RUGMO</Point>
      <Point>CAVES</Point>
      <Point>METEL</Point>
      <Point>HERON</Point>
      <Point>KAGRA</Point>
      <Point>UTASI</Point>
      <Point>OLMOK</Point>
      <Point>AKSUN</Point>
      <Point>ORISU</Point>
      <Point>LEDAX</Point>
      <Point>NOMOX</Point>
      <Point>YUDOH</Point>
      <Point>STONE</Point>
      <Point>COLOR</Point>
      <Point>HONDA</Point>
      <Point>YOHRO</Point>
      <Point>UTIBO</Point>
      <Point>INUBO</Point>
      <Point>MESSE</Point>
      <Point>NAVER</Point>
      <Point>IBURI</Point>
      <Point>NONUT</Point>
      <Point>CAPLY</Point>
      <Point>JYONA</Point>
      <Point>SAMBO</Point>
      <Point>PEONY</Point>
      <Point>VARSU</Point>
      <Point>HANKA</Point>
      <Point>SHIRO</Point>
      <Point>SADVO</Point>
      <Point>SYOEN</Point>
      <Point>YAITA</Point>
      <Point>AGRIS</Point>
      <Point>TAIKI</Point>
      <Point>RACKO</Point>
      <Point>HIROO</Point>
      <Point>IGDIP</Point>
      <Point>EPDOM</Point>
      <Point>OZORA</Point>
      <Point>CRANE</Point>
      <Point>AKESI</Point>
      <Point>SUMGA</Point>
      <Point>OMGOL</Point>
      <Point>MENIB</Point>
      <Point>ONISO</Point>
      <Point>ENTOD</Point>
      <Point>PADMO</Point>
      <Point>ESLUK</Point>
      <Point>TAXIR</Point>
      <Point>HIBAR</Point>
      <Point>BYOBU</Point>
      <Point>YACHI</Point>
      <Point>HINAI</Point>
      <Point>ORUMU</Point>
      <Point>WAPPA</Point>
      <Point>ANIMO</Point>
      <Point>USUBA</Point>
      <Point>GASAN</Point>
      <Point>HATRI</Point>
      <Point>BISIV</Point>
      <Point>LUBEK</Point>
      <Point>ASIBE</Point>
      <Point>LEKOL</Point>
      <Point>TOLEK</Point>
      <Point>NISEP</Point>
      <Point>NIRAX</Point>
      <Point>BUSNI</Point>
      <Point>NASNO</Point>
      <Point>KIMIN</Point>
      <Point>UBRAS</Point>
      <Point>OHMAR</Point>
      <Point>ELBIT</Point>
      <Point>TAPPI</Point>
      <Point>ARIKA</Point>
      <Point>OTOME</Point>
      <Point>IPKIL</Point>
      <Point>FINGA</Point>
      <Point>ISDAM</Point>
      <Point>KIBOM</Point>
      <Point>MATPI</Point>
      <Point>IPNUN</Point>
      <Point>TOLUM</Point>
      <Point>NAKTU</Point>
      <Point>POTEB</Point>
      <Point>KOHWA</Point>
      <Point>SHIMA</Point>
      <Point>AYANO</Point>
      <Point>RAYJO</Point>
      <Point>LAXEL</Point>
      <Point>DALBI</Point>
      <Point>RURUD</Point>
      <Point>OBAKO</Point>
      <Point>RIPSI</Point>
      <Point>MAPLE</Point>
      <Point>MAMLA</Point>
      <Point>SWING</Point>
      <Point>LABEL</Point>
      <Point>YOHKO</Point>
      <Point>ATUMI</Point>
      <Point>BUDOH</Point>
      <Point>INAHO</Point>
      <Point>MAMRO</Point>
      <Point>IWASE</Point>
      <Point>JUGEM</Point>
      <Point>TEBAS</Point>
      <Point>KIKOL</Point>
      <Point>SIRAO</Point>
      <Point>IDEMI</Point>
      <Point>TIKYU</Point>
      <Point>MEKAB</Point>
      <Point>SMELT</Point>
      <Point>AKITA</Point>
      <Point>BENNY</Point>
      <Point>BASIN</Point>
      <Point>KROBE</Point>
      <Point>GOHEI</Point>
      <Point>GUJYO</Point>
      <Point>OLSIM</Point>
      <Point>UGURO</Point>
      <Point>NUGNO</Point>
      <Point>TOMAM</Point>
      <Point>NULKI</Point>
      <Point>LUXES</Point>
      <Point>MARON</Point>
      <Point>ENKAT</Point>
      <Point>ADMIG</Point>
      <Point>NODUK</Point>
      <Point>EMREG</Point>
      <Point>OLDUS</Point>
      <Point>BOKSO</Point>
      <Point>NYUDO</Point>
      <Point>GOLDO</Point>
      <Point>TATAM</Point>
      <Point>HOTAL</Point>
      <Point>SAMON</Point>
      <Point>SUGNO</Point>
      <Point>MIHOU</Point>
      <Point>BESMU</Point>
      <Point>OLTUN</Point>
      <Point>STOUT</Point>
      <Point>OSTEP</Point>
      <Point>OMUTA</Point>
      <Point>TAIME</Point>
      <Point>FUGEN</Point>
      <Point>HINAG</Point>
      <Point>SASIK</Point>
      <Point>SAPIS</Point>
      <Point>ELPAG</Point>
      <Point>KINKO</Point>
      <Point>TOZAK</Point>
      <Point>ISMAD</Point>
      <Point>KAGYA</Point>
      <Point>BIHOK</Point>
      <Point>OYSTR</Point>
      <Point>MARCO</Point>
      <Point>BEGSA</Point>
      <Point>NESKO</Point>
      <Point>SAKYU</Point>
      <Point>ORUDA</Point>
      <Point>ADLEB</Point>
      <Point>DULOK</Point>
      <Point>LATOR</Point>
      <Point>VIBEL</Point>
      <Point>OSPEL</Point>
      <Point>SAMBA</Point>
      <Point>MAGGY</Point>
      <Point>AMMON</Point>
      <Point>MABNO</Point>
      <Point>ONSKE</Point>
      <Point>TEPIS</Point>
      <Point>OWLET</Point>
      <Point>INAWA</Point>
      <Point>HEIKE</Point>
      <Point>DANDY</Point>
      <Point>TADMI</Point>
      <Point>MYOGI</Point>
      <Point>TENRU</Point>
      <Point>AMIDA</Point>
      <Point>CHAUS</Point>
      <Point>SIOMO</Point>
      <Point>RUNID</Point>
      <Point>IBELU</Point>
      <Point>TETRA</Point>
      <Point>ENPAR</Point>
      <Point>NIXIS</Point>
      <Point>TEPEX</Point>
      <Point>ISDOS</Point>
      <Point>NOGUP</Point>
      <Point>IGPOS</Point>
      <Point>BIDIK</Point>
      <Point>MADUL</Point>
      <Point>SAPRA</Point>
      <Point>BEKLA</Point>
      <Point>OLBER</Point>
      <Point>PIGAP</Point>
      <Point>DOLNU</Point>
      <Point>VERUG</Point>
      <Point>ELKOT</Point>
      <Point>OVMAX</Point>
      <Point>LEPGU</Point>
      <Point>RAKDA</Point>
      <Point>IDMEN</Point>
      <Point>OGISO</Point>
      <Point>AKNOM</Point>
      <Point>KANNA</Point>
      <Point>TOZAN</Point>
      <Point>NAMMY</Point>
      <Point>GUSRO</Point>
      <Point>LEBOS</Point>
      <Point>VENDI</Point>
      <Point>SUGAL</Point>
      <Point>ENDAG</Point>
      <Point>MORVA</Point>
      <Point>ARASI</Point>
      <Point>GINJI</Point>
      <Point>WAKIT</Point>
      <Point>KAMMY</Point>
      <Point>CLOVE</Point>
      <Point>BASIL</Point>
      <Point>SUNPI</Point>
      <Point>RUVEK</Point>
      <Point>KIRIN</Point>
      <Point>EBISU</Point>
      <Point>TRACY</Point>
      <Point>LALAH</Point>
      <Point>BRITE</Point>
      <Point>AMURO</Point>
      <Point>WIMPY</Point>
      <Point>UKELI</Point>
      <Point>MINTO</Point>
      <Point>IBIPI</Point>
      <Point>OHGIE</Point>
      <Point>TRIPY</Point>
      <Point>MIMMY</Point>
      <Point>SIMAG</Point>
      <Point>BENES</Point>
      <Point>YAKMO</Point>
      <Point>OPERA</Point>
      <Point>ENRUN</Point>
      <Point>KALEK</Point>
      <Point>IPLES</Point>
      <Point>IGREN</Point>
      <Point>APILU</Point>
      <Point>IGOTO</Point>
      <Point>HIKNE</Point>
      <Point>KRAMA</Point>
      <Point>INVOK</Point>
      <Point>BEETL</Point>
      <Point>KOIMA</Point>
      <Point>LUKRA</Point>
      <Point>BESNA</Point>
      <Point>PAVGA</Point>
      <Point>FRAIZ</Point>
      <Point>SARUP</Point>
      <Point>AKSEL</Point>
      <Point>RUNSO</Point>
      <Point>SELNO</Point>
      <Point>PAMVI</Point>
      <Point>MENUR</Point>
      <Point>BILLY</Point>
      <Point>TAREB</Point>
      <Point>ARTIC</Point>
      <Point>BOKJO</Point>
      <Point>ENSYU</Point>
      <Point>BOGON</Point>
      <Point>FLUTE</Point>
      <Point>ELMIR</Point>
      <Point>ANSUM</Point>
      <Point>UKAKO</Point>
      <Point>EKUNU</Point>
      <Point>SPIDE</Point>
      <Point>BEGOP</Point>
      <Point>OOITA</Point>
      <Point>KASTE</Point>
      <Point>MIRIO</Point>
      <Point>BECKY</Point>
      <Point>JANGO</Point>
      <Point>ROSIE</Point>
      <Point>AWAJI</Point>
      <Point>SUNNY</Point>
      <Point>SATKI</Point>
      <Point>AGRUM</Point>
      <Point>SIROK</Point>
      <Point>LEKUT</Point>
      <Point>HALKA</Point>
      <Point>MIGEM</Point>
      <Point>YANKS</Point>
      <Point>ALBAT</Point>
      <Point>HALON</Point>
      <Point>TURFY</Point>
      <Point>JAKAL</Point>
      <Point>GREEN</Point>
      <Point>KOSHI</Point>
      <Point>PANCH</Point>
      <Point>ISKUP</Point>
      <Point>GUSPA</Point>
      <Point>GOKYO</Point>
      <Point>LELAD</Point>
      <Point>MOMPA</Point>
      <Point>ATNOX</Point>
      <Point>BOMAP</Point>
      <Point>IGREK</Point>
      <Point>KANAH</Point>
      <Point>AMAMI</Point>
      <Point>AGATA</Point>
      <Point>OMDUK</Point>
      <Point>ISTAK</Point>
      <Point>AKNAG</Point>
      <Point>SALID</Point>
      <Point>ATSAG</Point>
      <Point>EKIRI</Point>
      <Point>OLVIN</Point>
      <Point>TERIG</Point>
      <Point>OLNUX</Point>
      <Point>HASSY</Point>
      <Point>RISRU</Point>
      <Point>CARRY</Point>
      <Point>SEPIA</Point>
      <Point>SWANO</Point>
      <Point>ANOXA</Point>
      <Point>POLAM</Point>
      <Point>YURIX</Point>
      <Point>KAORU</Point>
      <Point>LILRA</Point>
      <Point>IGURU</Point>
      <Point>RUSAR</Point>
      <Point>AMMEK</Point>
      <Point>SAKON</Point>
      <Point>NINOX</Point>
      <Point>BIVET</Point>
      <Point>KIDAX</Point>
      <Point>IDNIL</Point>
      <Point>BIWWA</Point>
      <Point>ADGUN</Point>
      <Point>MIDER</Point>
      <Point>SANDA</Point>
      <Point>HYOGO</Point>
      <Point>ASANO</Point>
      <Point>OLIVE</Point>
      <Point>BIZEN</Point>
      <Point>PIONE</Point>
      <Point>DANGO</Point>
      <Point>WASYU</Point>
      <Point>BINGO</Point>
      <Point>BAMBO</Point>
      <Point>ONDOC</Point>
      <Point>CLIPA</Point>
      <Point>HIZET</Point>
      <Point>ACTIE</Point>
      <Point>ISAKY</Point>
      <Point>SOUJA</Point>
      <Point>CARPS</Point>
      <Point>UNSOB</Point>
      <Point>ELNEB</Point>
      <Point>AYAME</Point>
      <Point>SHION</Point>
      <Point>HIBIS</Point>
      <Point>OBOKE</Point>
      <Point>POPPY</Point>
      <Point>KINOE</Point>
      <Point>ITUKI</Point>
      <Point>DEMIZ</Point>
      <Point>KATTA</Point>
      <Point>SAZOH</Point>
      <Point>IWAYA</Point>
      <Point>ASARI</Point>
      <Point>INOOK</Point>
      <Point>TAKMA</Point>
      <Point>SHTLE</Point>
      <Point>OLKED</Point>
      <Point>YULIA</Point>
      <Point>GUSLU</Point>
      <Point>TONAR</Point>
      <Point>GAKIA</Point>
      <Point>KOSKA</Point>
      <Point>DALMA</Point>
      <Point>GAKKI</Point>
      <Point>MORIZ</Point>
      <Point>KOMAK</Point>
      <Point>HANTO</Point>
      <Point>GUGBI</Point>
      <Point>BONGO</Point>
      <Point>ENTAK</Point>
      <Point>GURIP</Point>
      <Point>SWAMP</Point>
      <Point>IGROD</Point>
      <Point>CLALA</Point>
      <Point>REALU</Point>
      <Point>VIROP</Point>
      <Point>ENVAS</Point>
      <Point>BUTOS</Point>
      <Point>VIKET</Point>
      <Point>AKTIL</Point>
      <Point>ESKAS</Point>
      <Point>BISAM</Point>
      <Point>OLKAP</Point>
      <Point>AKNED</Point>
      <Point>WAKOH</Point>
      <Point>KOHAK</Point>
      <Point>HISUI</Point>
      <Point>GENGE</Point>
      <Point>YAYOI</Point>
      <Point>SEBGA</Point>
      <Point>KENSI</Point>
      <Point>MAGNA</Point>
      <Point>NAEBA</Point>
      <Point>PAPNA</Point>
      <Point>AZUMI</Point>
      <Point>CHOKA</Point>
      <Point>MIKUM</Point>
      <Point>HOKUU</Point>
      <Point>ZUNDA</Point>
      <Point>YUSKE</Point>
      <Point>SEDKU</Point>
      <Point>STAGE</Point>
      <Point>SHOOT</Point>
      <Point>ANRIN</Point>
      <Point>PROOF</Point>
      <Point>KOMPI</Point>
      <Point>SAKAI</Point>
      <Point>MALTA</Point>
      <Point>KULUL</Point>
      <Point>KAPPA</Point>
      <Point>IGRAS</Point>
      <Point>DISSH</Point>
      <Point>MAIKO</Point>
      <Point>WENDY</Point>
      <Point>GLORY</Point>
      <Point>TANTA</Point>
      <Point>BUGGY</Point>
      <Point>OSUGO</Point>
      <Point>SUKMO</Point>
      <Point>TETTA</Point>
      <Point>EKVIK</Point>
      <Point>HANAB</Point>
      <Point>BERTH</Point>
      <Point>RANDY</Point>
      <Point>SALTY</Point>
      <Point>RISBI</Point>
      <Point>PIPED</Point>
      <Point>EKABU</Point>
      <Point>SQUID</Point>
      <Point>CHILY</Point>
      <Point>PEPAR</Point>
      <Point>SPICE</Point>
      <Point>SAEKI</Point>
      <Point>ALISA</Point>
      <Point>TONBI</Point>
      <Point>AVGOK</Point>
      <Point>HAIJI</Point>
      <Point>SUKOB</Point>
      <Point>SANJO</Point>
      <Point>GOSEN</Point>
      <Point>TAGOK</Point>
      <Point>MAUKA</Point>
      <Point>KALON</Point>
      <Point>YONOH</Point>
      <Point>JYOGA</Point>
      <Point>AKAGI</Point>
      <Point>SANOH</Point>
      <Point>MEDIO</Point>
      <Point>ROKKO</Point>
      <Point>TSUNO</Point>
      <Point>HIMMY</Point>
      <Point>OVRES</Point>
      <Point>SOTOM</Point>
      <Point>AVNON</Point>
      <Point>MENOU</Point>
      <Point>YUBAR</Point>
      <Point>SHONO</Point>
      <Point>WOODY</Point>
      <Point>IGLAT</Point>
      <Point>ASONO</Point>
      <Point>KAZMA</Point>
      <Point>ESNAL</Point>
      <Point>IRPIN</Point>
      <Point>MILEP</Point>
      <Point>OSETO</Point>
      <Point>AGRIT</Point>
      <Point>CARCO</Point>
      <Point>KAINA</Point>
      <Point>KAZRA</Point>
      <Point>ZOROH</Point>
      <Point>RIVER</Point>
      <Point>JINBE</Point>
      <Point>RYUGU</Point>
      <Point>KAIFU</Point>
      <Point>NATCH</Point>
      <Point>VERDI</Point>
      <Point>TARBY</Point>
      <Point>KASLY</Point>
      <Point>DONAR</Point>
      <Point>ISEBI</Point>
      <Point>KILAP</Point>
      <Point>KISEI</Point>
      <Point>PADOC</Point>
      <Point>TERAD</Point>
      <Point>HAKBA</Point>
      <Point>GORYU</Point>
      <Point>IKUJI</Point>
      <Point>URUSI</Point>
      <Point>IMIZU</Point>
      <Point>OYABE</Point>
      <Point>SONBU</Point>
      <Point>ATPOD</Point>
      <Point>KYOKA</Point>
      <Point>RUTGO</Point>
      <Point>SQRUM</Point>
      <Point>YANAI</Point>
      <Point>SOBOH</Point>
      <Point>AKLEM</Point>
      <Point>RAFUL</Point>
      <Point>MOCOS</Point>
      <Point>ISKID</Point>
      <Point>MAKRA</Point>
      <Point>SAZMA</Point>
      <Point>ENPAD</Point>
      <Point>OLSER</Point>
      <Point>LEMEG</Point>
      <Point>MEKAX</Point>
      <Point>HACHA</Point>
      <Point>BINID</Point>
      <Point>LEXUS</Point>
      <Point>OKUMA</Point>
      <Point>HATIA</Point>
      <Point>BALIE</Point>
      <Point>EGESO</Point>
      <Point>APOGU</Point>
      <Point>SUNFL</Point>
      <Point>IGUSA</Point>
      <Point>RURIK</Point>
      <Point>POMAS</Point>
      <Point>TAPOP</Point>
      <Point>EVERT</Point>
      <Point>CANDY</Point>
      <Point>OTOWA</Point>
      <Point>MAYON</Point>
      <Point>BUBDO</Point>
      <Point>USHIO</Point>
      <Point>NOBEP</Point>
      <Point>PIGOK</Point>
      <Point>TOKIS</Point>
      <Point>SEDRI</Point>
      <Point>ELNIS</Point>
      <Point>SANOR</Point>
      <Point>OLTOM</Point>
      <Point>AKUVU</Point>
      <Point>BALSA</Point>
      <Point>AVKAM</Point>
      <Point>DONKY</Point>
      <Point>LEONA</Point>
      <Point>JEDAI</Point>
      <Point>AKVAS</Point>
      <Point>URUMA</Point>
      <Point>SAPET</Point>
      <Point>IGMON</Point>
      <Point>MEXIR</Point>
      <Point>TEMIP</Point>
      <Point>ADNOK</Point>
      <Point>IKASU</Point>
      <Point>ANLIK</Point>
      <Point>HONDO</Point>
      <Point>LARIX</Point>
      <Point>SANEP</Point>
      <Point>OLTAX</Point>
      <Point>NOKUG</Point>
      <Point>OVSOS</Point>
      <Point>LANAT</Point>
      <Point>CHESS</Point>
      <Point>SHIZU</Point>
      <Point>MARIA</Point>
      <Point>TRUGA</Point>
      <Point>SABAE</Point>
      <Point>ADNAP</Point>
      <Point>OATIS</Point>
      <Point>SOVMO</Point>
      <Point>BEKEN</Point>
      <Point>ELDAK</Point>
      <Point>ASTER</Point>
      <Point>LANCE</Point>
      <Point>AIZUH</Point>
      <Point>ETIGO</Point>
      <Point>ESMAD</Point>
      <Point>ZUWAI</Point>
      <Point>LIVET</Point>
      <Point>YAGAN</Point>
      <Point>IKAHO</Point>
      <Point>HAKKA</Point>
      <Point>OTARI</Point>
      <Point>SUKBO</Point>
      <Point>ALDEM</Point>
      <Point>SHIMO</Point>
      <Point>ESTRA</Point>
      <Point>TUMGI</Point>
      <Point>PEBLA</Point>
      <Point>PRIUS</Point>
      <Point>IHEYA</Point>
      <Point>DOMBI</Point>
      <Point>KARIN</Point>
      <Point>BRAVE</Point>
      <Point>STORK</Point>
      <Point>MADOG</Point>
      <Point>OMUSU</Point>
      <Point>VEGAR</Point>
      <Point>ALBAX</Point>
      <Point>AKASE</Point>
      <Point>AZAMA</Point>
      <Point>KALGU</Point>
      <Point>ASTAK</Point>
      <Point>TOHME</Point>
      <Point>RUPAP</Point>
      <Point>SINGU</Point>
      <Point>SOMEI</Point>
      <Point>DINAH</Point>
      <Point>GOBOH</Point>
      <Point>UBUYU</Point>
      <Point>DATIS</Point>
      <Point>RIDGE</Point>
      <Point>DANDE</Point>
      <Point>OHDAI</Point>
      <Point>AGPUK</Point>
      <Point>ISPUM</Point>
      <Point>SABRI</Point>
      <Point>LELIN</Point>
      <Point>LAXAS</Point>
      <Point>KAGNA</Point>
      <Point>BOPNO</Point>
      <Point>SARGI</Point>
      <Point>IBENO</Point>
      <Point>NADAR</Point>
      <Point>SIOMI</Point>
      <Point>PUTER</Point>
      <Point>DOVIX</Point>
      <Point>POROT</Point>
      <Point>LIGNI</Point>
      <Point>LAKOS</Point>
      <Point>TASOT</Point>
      <Point>MOSLO</Point>
      <Point>IGMIS</Point>
      <Point>AKTAP</Point>
      <Point>SHIBK</Point>
      <Point>TAMAK</Point>
      <Point>VELNO</Point>
      <Point>GEMNI</Point>
      <Point>FREED</Point>
      <Point>NUMKO</Point>
      <Point>LEBAG</Point>
      <Point>HINJA</Point>
      <Point>GANJU</Point>
      <Point>GANAS</Point>
      <Point>YUTAH</Point>
      <Point>YUZKI</Point>
      <Point>DIANA</Point>
      <Point>MAKMU</Point>
      <Point>RUGMA</Point>
      <Point>POTET</Point>
      <Point>BIGIT</Point>
      <Point>ESBIS</Point>
      <Point>LESKA</Point>
      <Point>MELEN</Point>
      <Point>GUPTI</Point>
      <Point>CHAMP</Point>
      <Point>HATSU</Point>
      <Point>GEMBU</Point>
      <Point>KINME</Point>
      <Point>GYOGN</Point>
      <Point>SANGO</Point>
      <Point>NIKKO</Point>
      <Point>KOGAR</Point>
      <Point>OMIYA</Point>
      <Point>EDARR</Point>
      <Point>NIVIL</Point>
      <Point>EBINE</Point>
      <Point>KAZIK</Point>
      <Point>ISPIT</Point>
      <Point>BEDAR</Point>
      <Point>ASOVO</Point>
      <Point>CAMAS</Point>
      <Point>ONIKU</Point>
      <Point>PEPOS</Point>
      <Point>KABKI</Point>
      <Point>FOGEL</Point>
      <Point>NIPEN</Point>
      <Point>REDEK</Point>
      <Point>IGNOT</Point>
      <Point>MITOP</Point>
      <Point>BEGUL</Point>
      <Point>TEKEL</Point>
      <Point>SUNAM</Point>
      <Point>KINAI</Point>
      <Point>SABTU</Point>
      <Point>TOKOM</Point>
      <Point>HABAR</Point>
      <Point>ARIGI</Point>
      <Point>CHINU</Point>
      <Point>PYONG</Point>
      <Point>SUROV</Point>
      <Point>FIATO</Point>
      <Point>DUFFY</Point>
      <Point>SOARA</Point>
      <Point>ANKIX</Point>
      <Point>IMPAL</Point>
      <Point>EGERU</Point>
      <Point>MAGUT</Point>
      <Point>MIDAI</Point>
      <Point>INVAM</Point>
      <Point>MUMBA</Point>
      <Point>MAMOD</Point>
      <Point>MOLKA</Point>
      <Point>SPENS</Point>
      <Point>BERMA</Point>
      <Point>TOPAT</Point>
      <Point>BORDO</Point>
      <Point>ATOTI</Point>
      <Point>BOLUT</Point>
      <Point>LIPLO</Point>
      <Point>MUGUS</Point>
      <Point>SUBTA</Point>
      <Point>SALMI</Point>
      <Point>VEKVO</Point>
      <Point>KONGU</Point>
      <Point>IPDEL</Point>
      <Point>ALTAI</Point>
      <Point>NOGEL</Point>
      <Point>BULAN</Point>
      <Point>IZUMI</Point>
      <Point>HONMA</Point>
      <Point>MUGIE</Point>
      <Point>IRMUT</Point>
      <Point>MANEP</Point>
      <Point>CARDS</Point>
      <Point>SIRON</Point>
      <Point>TUNAS</Point>
      <Point>SPICA</Point>
      <Point>ALGIX</Point>
      <Point>ACORD</Point>
      <Point>TEKOS</Point>
      <Point>GORIN</Point>
      <Point>AVLAS</Point>
      <Point>GUPER</Point>
      <Point>DOLGO</Point>
      <Point>LEBIX</Point>
      <Point>MUBTO</Point>
      <Point>OSOPO</Point>
      <Point>ESNIP</Point>
      <Point>VESET</Point>
      <Point>UGTAN</Point>
      <Point>NOGIX</Point>
      <Point>OLDIV</Point>
      <Point>EKIRA</Point>
      <Point>LALID</Point>
      <Point>LESPO</Point>
      <Point>ALGES</Point>
      <Point>ENVOP</Point>
      <Point>AKRIT</Point>
      <Point>MILIT</Point>
      <Point>RUSDA</Point>
      <Point>ESKEN</Point>
      <Point>POLIX</Point>
      <Point>GULBO</Point>
      <Point>TASID</Point>
      <Point>NOLAX</Point>
      <Point>BITEK</Point>
      <Point>IGARA</Point>
      <Point>AVBET</Point>
      <Point>IDLAN</Point>
      <Point>OPELI</Point>
      <Point>SUPOK</Point>
      <Point>RUTAS</Point>
      <Point>MAMAS</Point>
      <Point>BAFFY</Point>
      <Point>SDATI</Point>
      <Point>SAWAT</Point>
      <Point>AILEY</Point>
      <Point>SABAR</Point>
      <Point>NANAC</Point>
      <Point>POPAB</Point>
      <Point>LOSVA</Point>
      <Point>LAPIL</Point>
      <Point>ISPEK</Point>
      <Point>POVAL</Point>
      <Point>OMGIK</Point>
      <Point>TOKAT</Point>
      <Point>MENIX</Point>
      <Point>VAGLA</Point>
      <Point>LUBLA</Point>
      <Point>IPROS</Point>
      <Point>BEGAD</Point>
      <Point>ENSAT</Point>
      <Point>OLVEK</Point>
      <Point>DOLBA</Point>
      <Point>DAGDA</Point>
      <Point>IGLAN</Point>
      <Point>BOLED</Point>
      <Point>SARLU</Point>
      <Point>ANSAD</Point>
      <Point>MIURA</Point>
      <Point>MERED</Point>
      <Point>ADKAK</Point>
      <Point>OLVAN</Point>
      <Point>GULIS</Point>
      <Point>IRNOK</Point>
      <Point>SMOLT</Point>
      <Point>PONEM</Point>
      <Point>PEDLA</Point>
      <Point>AROSA</Point>
      <Point>VIPOT</Point>
      <Point>GULEG</Point>
      <Point>BORLO</Point>
      <Point>TELAS</Point>
      <Point>PIPIK</Point>
      <Point>SAMUS</Point>
      <Point>ENDIB</Point>
      <Point>YOSHI</Point>
      <Point>MAPDO</Point>
      <Point>TOPIT</Point>
      <Point>FITTO</Point>
      <Point>TEMAR</Point>
      <Point>ELGIM</Point>
      <Point>RURER</Point>
      <Point>LUTNA</Point>
      <Point>HAGAR</Point>
      <Point>GYODA</Point>
      <Point>OSPAN</Point>
      <Point>NEZAM</Point>
      <Point>SLIDE</Point>
      <Point>RIKYU</Point>
      <Point>ONUMA</Point>
      <Point>ISBIS</Point>
      <Point>YARII</Point>
      <Point>PABBA</Point>
      <Point>BEKPO</Point>
      <Point>DAKEX</Point>
      <Point>TATSU</Point>
      <Point>OGITU</Point>
      <Point>MAMID</Point>
      <Point>LENVO</Point>
      <Point>AGIMO</Point>
      <Point>MEVOL</Point>
      <Point>ENEOS</Point>
      <Point>HAILY</Point>
      <Point>YANAT</Point>
      <Point>HOKTO</Point>
      <Point>APOII</Point>
      <Point>SKIPE</Point>
      <Point>GNITS</Point>
      <Point>TAXUK</Point>
      <Point>SPIDR</Point>
      <Point>SEPCO</Point>
      <Point>KAMSA</Point>
      <Point>GEPPA</Point>
      <Point>NOMAS</Point>
      <Point>CELCA</Point>
      <Point>AKIAS</Point>
      <Point>KADBO</Point>
      <Point>EKUSA</Point>
      <Point>MAYVE</Point>
      <Point>YACKL</Point>
      <Point>ALUYO</Point>
      <Point>YUUPA</Point>
      <Point>GANEK</Point>
      <Point>BISIS</Point>
      <Point>ENTOK</Point>
      <Point>RYUKI</Point>
      <Point>MIKES</Point>
      <Point>AGIKA</Point>
      <Point>IGOBI</Point>
      <Point>ANDOL</Point>
    </Symbol>
    <Symbol Type="Hexagon">
      <Point>MDE</Point>
      <Point>WKE</Point>
      <Point>CHE</Point>
      <Point>HPE</Point>
      <Point>MRE</Point>
      <Point>MKE</Point>
      <Point>SDE</Point>
      <Point>FKE</Point>
      <Point>RSE</Point>
      <Point>TCE</Point>
      <Point>MQE</Point>
      <Point>YTE</Point>
      <Point>OBE</Point>
      <Point>TBE</Point>
      <Point>HWE</Point>
      <Point>AWE</Point>
      <Point>MVE</Point>
      <Point>GTC</Point>
      <Point>MBE</Point>
      <Point>KEC</Point>
      <Point>CBE</Point>
      <Point>DGC</Point>
      <Point>HKC</Point>
      <Point>TGE</Point>
      <Point>YME</Point>
      <Point>TRE</Point>
      <Point>IKE</Point>
      <Point>OYE</Point>
      <Point>FUE</Point>
      <Point>KRE</Point>
      <Point>XAC</Point>
      <Point>SUC</Point>
      <Point>VCE</Point>
      <Point>OLE</Point>
      <Point>KCC</Point>
      <Point>MYE</Point>
      <Point>UBE</Point>
      <Point>SWE</Point>
      <Point>SZE</Point>
      <Point>NTE</Point>
      <Point>UWE</Point>
      <Point>KTE</Point>
      <Point>TSC</Point>
      <Point>KMC</Point>
      <Point>KUE</Point>
      <Point>ONC</Point>
      <Point>NHC</Point>
      <Point>KXC</Point>
      <Point>MJC</Point>
      <Point>IGE</Point>
      <Point>MOE</Point>
      <Point>HCE</Point>
      <Point>IXE</Point>
    </Symbol>
    <Symbol Type="HollowSquare">
      <Point>MDE</Point>
      <Point>WKE</Point>
      <Point>CHE</Point>
      <Point>HPE</Point>
      <Point>MRE</Point>
      <Point>MKE</Point>
      <Point>SDE</Point>
      <Point>FKE</Point>
      <Point>RSE</Point>
      <Point>TCE</Point>
      <Point>MQE</Point>
      <Point>YTE</Point>
      <Point>OBE</Point>
      <Point>TBE</Point>
      <Point>HWE</Point>
      <Point>AWE</Point>
      <Point>MVE</Point>
      <Point>GTC</Point>
      <Point>MBE</Point>
      <Point>KEC</Point>
      <Point>CBE</Point>
      <Point>DGC</Point>
      <Point>HKC</Point>
      <Point>TGE</Point>
      <Point>YME</Point>
      <Point>TRE</Point>
      <Point>IKE</Point>
      <Point>OYE</Point>
      <Point>FUE</Point>
      <Point>KRE</Point>
      <Point>XAC</Point>
      <Point>SUC</Point>
      <Point>VCE</Point>
      <Point>OLE</Point>
      <Point>KCC</Point>
      <Point>MYE</Point>
      <Point>UBE</Point>
      <Point>SWE</Point>
      <Point>SZE</Point>
      <Point>NTE</Point>
      <Point>UWE</Point>
      <Point>KTE</Point>
      <Point>TSC</Point>
      <Point>KMC</Point>
      <Point>KUE</Point>
      <Point>ONC</Point>
      <Point>NHC</Point>
      <Point>KXC</Point>
      <Point>MJC</Point>
      <Point>IGE</Point>
      <Point>MOE</Point>
      <Point>HCE</Point>
      <Point>IXE</Point>
    </Symbol>
  </Map>
  <Map Type="System" Name="Airways_RNAV_Label" Priority="0" Center="+36.013056+137.993333">
    <Symbol Type="HollowTriangle">
      <Point>HARKI</Point>
      <Point>IGPAK</Point>
      <Point>ISMAV</Point>
      <Point>IPGUD</Point>
      <Point>BUICK</Point>
      <Point>AKUSI</Point>
      <Point>CORCO</Point>
      <Point>WHALE</Point>
      <Point>LUMIN</Point>
      <Point>YOROI</Point>
      <Point>RUMOI</Point>
      <Point>TOBBY</Point>
      <Point>LARCH</Point>
      <Point>PANSY</Point>
      <Point>VINAR</Point>
      <Point>ZAHAN</Point>
      <Point>RUBIS</Point>
      <Point>ASHRA</Point>
      <Point>SASAP</Point>
      <Point>GUSGI</Point>
      <Point>DAIGO</Point>
      <Point>TEDIX</Point>
      <Point>GODIN</Point>
      <Point>ESBUN</Point>
      <Point>ENBIM</Point>
      <Point>RUGMO</Point>
      <Point>CAVES</Point>
      <Point>METEL</Point>
      <Point>HERON</Point>
      <Point>KAGRA</Point>
      <Point>UTASI</Point>
      <Point>OLMOK</Point>
      <Point>AKSUN</Point>
      <Point>ORISU</Point>
      <Point>LEDAX</Point>
      <Point>NOMOX</Point>
      <Point>YUDOH</Point>
      <Point>STONE</Point>
      <Point>COLOR</Point>
      <Point>HONDA</Point>
      <Point>YOHRO</Point>
      <Point>UTIBO</Point>
      <Point>INUBO</Point>
      <Point>MESSE</Point>
      <Point>NAVER</Point>
      <Point>IBURI</Point>
      <Point>NONUT</Point>
      <Point>CAPLY</Point>
      <Point>JYONA</Point>
      <Point>SAMBO</Point>
      <Point>PEONY</Point>
      <Point>VARSU</Point>
      <Point>HANKA</Point>
      <Point>SHIRO</Point>
      <Point>SADVO</Point>
      <Point>SYOEN</Point>
      <Point>YAITA</Point>
      <Point>AGRIS</Point>
      <Point>TAIKI</Point>
      <Point>RACKO</Point>
      <Point>HIROO</Point>
      <Point>IGDIP</Point>
      <Point>EPDOM</Point>
      <Point>OZORA</Point>
      <Point>CRANE</Point>
      <Point>AKESI</Point>
      <Point>SUMGA</Point>
      <Point>OMGOL</Point>
      <Point>MENIB</Point>
      <Point>ONISO</Point>
      <Point>ENTOD</Point>
      <Point>PADMO</Point>
      <Point>ESLUK</Point>
      <Point>TAXIR</Point>
      <Point>HIBAR</Point>
      <Point>BYOBU</Point>
      <Point>YACHI</Point>
      <Point>HINAI</Point>
      <Point>ORUMU</Point>
      <Point>WAPPA</Point>
      <Point>ANIMO</Point>
      <Point>USUBA</Point>
      <Point>GASAN</Point>
      <Point>HATRI</Point>
      <Point>BISIV</Point>
      <Point>LUBEK</Point>
      <Point>ASIBE</Point>
      <Point>LEKOL</Point>
      <Point>TOLEK</Point>
      <Point>NISEP</Point>
      <Point>NIRAX</Point>
      <Point>BUSNI</Point>
      <Point>NASNO</Point>
      <Point>KIMIN</Point>
      <Point>UBRAS</Point>
      <Point>OHMAR</Point>
      <Point>ELBIT</Point>
      <Point>TAPPI</Point>
      <Point>ARIKA</Point>
      <Point>OTOME</Point>
      <Point>IPKIL</Point>
      <Point>FINGA</Point>
      <Point>ISDAM</Point>
      <Point>KIBOM</Point>
      <Point>MATPI</Point>
      <Point>IPNUN</Point>
      <Point>TOLUM</Point>
      <Point>NAKTU</Point>
      <Point>POTEB</Point>
      <Point>KOHWA</Point>
      <Point>SHIMA</Point>
      <Point>AYANO</Point>
      <Point>RAYJO</Point>
      <Point>LAXEL</Point>
      <Point>DALBI</Point>
      <Point>RURUD</Point>
      <Point>OBAKO</Point>
      <Point>RIPSI</Point>
      <Point>MAPLE</Point>
      <Point>MAMLA</Point>
      <Point>SWING</Point>
      <Point>LABEL</Point>
      <Point>YOHKO</Point>
      <Point>ATUMI</Point>
      <Point>BUDOH</Point>
      <Point>INAHO</Point>
      <Point>MAMRO</Point>
      <Point>IWASE</Point>
      <Point>JUGEM</Point>
      <Point>TEBAS</Point>
      <Point>KIKOL</Point>
      <Point>SIRAO</Point>
      <Point>IDEMI</Point>
      <Point>TIKYU</Point>
      <Point>MEKAB</Point>
      <Point>SMELT</Point>
      <Point>AKITA</Point>
      <Point>BENNY</Point>
      <Point>BASIN</Point>
      <Point>KROBE</Point>
      <Point>GOHEI</Point>
      <Point>GUJYO</Point>
      <Point>OLSIM</Point>
      <Point>UGURO</Point>
      <Point>NUGNO</Point>
      <Point>TOMAM</Point>
      <Point>NULKI</Point>
      <Point>LUXES</Point>
      <Point>MARON</Point>
      <Point>ENKAT</Point>
      <Point>ADMIG</Point>
      <Point>NODUK</Point>
      <Point>EMREG</Point>
      <Point>OLDUS</Point>
      <Point>BOKSO</Point>
      <Point>NYUDO</Point>
      <Point>GOLDO</Point>
      <Point>TATAM</Point>
      <Point>HOTAL</Point>
      <Point>SAMON</Point>
      <Point>SUGNO</Point>
      <Point>MIHOU</Point>
      <Point>BESMU</Point>
      <Point>OLTUN</Point>
      <Point>STOUT</Point>
      <Point>OSTEP</Point>
      <Point>OMUTA</Point>
      <Point>TAIME</Point>
      <Point>FUGEN</Point>
      <Point>HINAG</Point>
      <Point>SASIK</Point>
      <Point>SAPIS</Point>
      <Point>ELPAG</Point>
      <Point>KINKO</Point>
      <Point>TOZAK</Point>
      <Point>ISMAD</Point>
      <Point>KAGYA</Point>
      <Point>BIHOK</Point>
      <Point>OYSTR</Point>
      <Point>MARCO</Point>
      <Point>BEGSA</Point>
      <Point>NESKO</Point>
      <Point>SAKYU</Point>
      <Point>ORUDA</Point>
      <Point>ADLEB</Point>
      <Point>DULOK</Point>
      <Point>LATOR</Point>
      <Point>VIBEL</Point>
      <Point>OSPEL</Point>
      <Point>SAMBA</Point>
      <Point>MAGGY</Point>
      <Point>AMMON</Point>
      <Point>MABNO</Point>
      <Point>ONSKE</Point>
      <Point>TEPIS</Point>
      <Point>OWLET</Point>
      <Point>INAWA</Point>
      <Point>HEIKE</Point>
      <Point>DANDY</Point>
      <Point>TADMI</Point>
      <Point>MYOGI</Point>
      <Point>TENRU</Point>
      <Point>AMIDA</Point>
      <Point>CHAUS</Point>
      <Point>SIOMO</Point>
      <Point>RUNID</Point>
      <Point>IBELU</Point>
      <Point>TETRA</Point>
      <Point>ENPAR</Point>
      <Point>NIXIS</Point>
      <Point>TEPEX</Point>
      <Point>ISDOS</Point>
      <Point>NOGUP</Point>
      <Point>IGPOS</Point>
      <Point>BIDIK</Point>
      <Point>MADUL</Point>
      <Point>SAPRA</Point>
      <Point>BEKLA</Point>
      <Point>OLBER</Point>
      <Point>PIGAP</Point>
      <Point>DOLNU</Point>
      <Point>VERUG</Point>
      <Point>ELKOT</Point>
      <Point>OVMAX</Point>
      <Point>LEPGU</Point>
      <Point>RAKDA</Point>
      <Point>IDMEN</Point>
      <Point>OGISO</Point>
      <Point>AKNOM</Point>
      <Point>KANNA</Point>
      <Point>TOZAN</Point>
      <Point>NAMMY</Point>
      <Point>GUSRO</Point>
      <Point>LEBOS</Point>
      <Point>VENDI</Point>
      <Point>SUGAL</Point>
      <Point>ENDAG</Point>
      <Point>MORVA</Point>
      <Point>ARASI</Point>
      <Point>GINJI</Point>
      <Point>WAKIT</Point>
      <Point>KAMMY</Point>
      <Point>CLOVE</Point>
      <Point>BASIL</Point>
      <Point>SUNPI</Point>
      <Point>RUVEK</Point>
      <Point>KIRIN</Point>
      <Point>EBISU</Point>
      <Point>TRACY</Point>
      <Point>LALAH</Point>
      <Point>BRITE</Point>
      <Point>AMURO</Point>
      <Point>WIMPY</Point>
      <Point>UKELI</Point>
      <Point>MINTO</Point>
      <Point>IBIPI</Point>
      <Point>OHGIE</Point>
      <Point>TRIPY</Point>
      <Point>MIMMY</Point>
      <Point>SIMAG</Point>
      <Point>BENES</Point>
      <Point>YAKMO</Point>
      <Point>OPERA</Point>
      <Point>ENRUN</Point>
      <Point>KALEK</Point>
      <Point>IPLES</Point>
      <Point>IGREN</Point>
      <Point>APILU</Point>
      <Point>IGOTO</Point>
      <Point>HIKNE</Point>
      <Point>KRAMA</Point>
      <Point>INVOK</Point>
      <Point>BEETL</Point>
      <Point>KOIMA</Point>
      <Point>LUKRA</Point>
      <Point>BESNA</Point>
      <Point>PAVGA</Point>
      <Point>FRAIZ</Point>
      <Point>SARUP</Point>
      <Point>AKSEL</Point>
      <Point>RUNSO</Point>
      <Point>SELNO</Point>
      <Point>PAMVI</Point>
      <Point>MENUR</Point>
      <Point>BILLY</Point>
      <Point>TAREB</Point>
      <Point>ARTIC</Point>
      <Point>BOKJO</Point>
      <Point>ENSYU</Point>
      <Point>BOGON</Point>
      <Point>FLUTE</Point>
      <Point>ELMIR</Point>
      <Point>ANSUM</Point>
      <Point>UKAKO</Point>
      <Point>EKUNU</Point>
      <Point>SPIDE</Point>
      <Point>BEGOP</Point>
      <Point>OOITA</Point>
      <Point>KASTE</Point>
      <Point>MIRIO</Point>
      <Point>BECKY</Point>
      <Point>JANGO</Point>
      <Point>ROSIE</Point>
      <Point>AWAJI</Point>
      <Point>SUNNY</Point>
      <Point>SATKI</Point>
      <Point>AGRUM</Point>
      <Point>SIROK</Point>
      <Point>LEKUT</Point>
      <Point>HALKA</Point>
      <Point>MIGEM</Point>
      <Point>YANKS</Point>
      <Point>ALBAT</Point>
      <Point>HALON</Point>
      <Point>TURFY</Point>
      <Point>JAKAL</Point>
      <Point>GREEN</Point>
      <Point>KOSHI</Point>
      <Point>PANCH</Point>
      <Point>ISKUP</Point>
      <Point>GUSPA</Point>
      <Point>GOKYO</Point>
      <Point>LELAD</Point>
      <Point>MOMPA</Point>
      <Point>ATNOX</Point>
      <Point>BOMAP</Point>
      <Point>IGREK</Point>
      <Point>KANAH</Point>
      <Point>AMAMI</Point>
      <Point>AGATA</Point>
      <Point>OMDUK</Point>
      <Point>ISTAK</Point>
      <Point>AKNAG</Point>
      <Point>SALID</Point>
      <Point>ATSAG</Point>
      <Point>EKIRI</Point>
      <Point>OLVIN</Point>
      <Point>TERIG</Point>
      <Point>OLNUX</Point>
      <Point>HASSY</Point>
      <Point>RISRU</Point>
      <Point>CARRY</Point>
      <Point>SEPIA</Point>
      <Point>SWANO</Point>
      <Point>ANOXA</Point>
      <Point>POLAM</Point>
      <Point>YURIX</Point>
      <Point>KAORU</Point>
      <Point>LILRA</Point>
      <Point>IGURU</Point>
      <Point>RUSAR</Point>
      <Point>AMMEK</Point>
      <Point>SAKON</Point>
      <Point>NINOX</Point>
      <Point>BIVET</Point>
      <Point>KIDAX</Point>
      <Point>IDNIL</Point>
      <Point>BIWWA</Point>
      <Point>ADGUN</Point>
      <Point>MIDER</Point>
      <Point>SANDA</Point>
      <Point>HYOGO</Point>
      <Point>ASANO</Point>
      <Point>OLIVE</Point>
      <Point>BIZEN</Point>
      <Point>PIONE</Point>
      <Point>DANGO</Point>
      <Point>WASYU</Point>
      <Point>BINGO</Point>
      <Point>BAMBO</Point>
      <Point>ONDOC</Point>
      <Point>CLIPA</Point>
      <Point>HIZET</Point>
      <Point>ACTIE</Point>
      <Point>ISAKY</Point>
      <Point>SOUJA</Point>
      <Point>CARPS</Point>
      <Point>UNSOB</Point>
      <Point>ELNEB</Point>
      <Point>AYAME</Point>
      <Point>SHION</Point>
      <Point>HIBIS</Point>
      <Point>OBOKE</Point>
      <Point>POPPY</Point>
      <Point>KINOE</Point>
      <Point>ITUKI</Point>
      <Point>DEMIZ</Point>
      <Point>KATTA</Point>
      <Point>SAZOH</Point>
      <Point>IWAYA</Point>
      <Point>ASARI</Point>
      <Point>INOOK</Point>
      <Point>TAKMA</Point>
      <Point>SHTLE</Point>
      <Point>OLKED</Point>
      <Point>YULIA</Point>
      <Point>GUSLU</Point>
      <Point>TONAR</Point>
      <Point>GAKIA</Point>
      <Point>KOSKA</Point>
      <Point>DALMA</Point>
      <Point>GAKKI</Point>
      <Point>MORIZ</Point>
      <Point>KOMAK</Point>
      <Point>HANTO</Point>
      <Point>GUGBI</Point>
      <Point>BONGO</Point>
      <Point>ENTAK</Point>
      <Point>GURIP</Point>
      <Point>SWAMP</Point>
      <Point>IGROD</Point>
      <Point>CLALA</Point>
      <Point>REALU</Point>
      <Point>VIROP</Point>
      <Point>ENVAS</Point>
      <Point>BUTOS</Point>
      <Point>VIKET</Point>
      <Point>AKTIL</Point>
      <Point>ESKAS</Point>
      <Point>BISAM</Point>
      <Point>OLKAP</Point>
      <Point>AKNED</Point>
      <Point>WAKOH</Point>
      <Point>KOHAK</Point>
      <Point>HISUI</Point>
      <Point>GENGE</Point>
      <Point>YAYOI</Point>
      <Point>SEBGA</Point>
      <Point>KENSI</Point>
      <Point>MAGNA</Point>
      <Point>NAEBA</Point>
      <Point>PAPNA</Point>
      <Point>AZUMI</Point>
      <Point>CHOKA</Point>
      <Point>MIKUM</Point>
      <Point>HOKUU</Point>
      <Point>ZUNDA</Point>
      <Point>YUSKE</Point>
      <Point>SEDKU</Point>
      <Point>STAGE</Point>
      <Point>SHOOT</Point>
      <Point>ANRIN</Point>
      <Point>PROOF</Point>
      <Point>KOMPI</Point>
      <Point>SAKAI</Point>
      <Point>MALTA</Point>
      <Point>KULUL</Point>
      <Point>KAPPA</Point>
      <Point>IGRAS</Point>
      <Point>DISSH</Point>
      <Point>MAIKO</Point>
      <Point>WENDY</Point>
      <Point>GLORY</Point>
      <Point>TANTA</Point>
      <Point>BUGGY</Point>
      <Point>OSUGO</Point>
      <Point>SUKMO</Point>
      <Point>TETTA</Point>
      <Point>EKVIK</Point>
      <Point>HANAB</Point>
      <Point>BERTH</Point>
      <Point>RANDY</Point>
      <Point>SALTY</Point>
      <Point>RISBI</Point>
      <Point>PIPED</Point>
      <Point>EKABU</Point>
      <Point>SQUID</Point>
      <Point>CHILY</Point>
      <Point>PEPAR</Point>
      <Point>SPICE</Point>
      <Point>SAEKI</Point>
      <Point>ALISA</Point>
      <Point>TONBI</Point>
      <Point>AVGOK</Point>
      <Point>HAIJI</Point>
      <Point>SUKOB</Point>
      <Point>SANJO</Point>
      <Point>GOSEN</Point>
      <Point>TAGOK</Point>
      <Point>MAUKA</Point>
      <Point>KALON</Point>
      <Point>YONOH</Point>
      <Point>JYOGA</Point>
      <Point>AKAGI</Point>
      <Point>SANOH</Point>
      <Point>MEDIO</Point>
      <Point>ROKKO</Point>
      <Point>TSUNO</Point>
      <Point>HIMMY</Point>
      <Point>OVRES</Point>
      <Point>SOTOM</Point>
      <Point>AVNON</Point>
      <Point>MENOU</Point>
      <Point>YUBAR</Point>
      <Point>SHONO</Point>
      <Point>WOODY</Point>
      <Point>IGLAT</Point>
      <Point>ASONO</Point>
      <Point>KAZMA</Point>
      <Point>ESNAL</Point>
      <Point>IRPIN</Point>
      <Point>MILEP</Point>
      <Point>OSETO</Point>
      <Point>AGRIT</Point>
      <Point>CARCO</Point>
      <Point>KAINA</Point>
      <Point>KAZRA</Point>
      <Point>ZOROH</Point>
      <Point>RIVER</Point>
      <Point>JINBE</Point>
      <Point>RYUGU</Point>
      <Point>KAIFU</Point>
      <Point>NATCH</Point>
      <Point>VERDI</Point>
      <Point>TARBY</Point>
      <Point>KASLY</Point>
      <Point>DONAR</Point>
      <Point>ISEBI</Point>
      <Point>KILAP</Point>
      <Point>KISEI</Point>
      <Point>PADOC</Point>
      <Point>TERAD</Point>
      <Point>HAKBA</Point>
      <Point>GORYU</Point>
      <Point>IKUJI</Point>
      <Point>URUSI</Point>
      <Point>IMIZU</Point>
      <Point>OYABE</Point>
      <Point>SONBU</Point>
      <Point>ATPOD</Point>
      <Point>KYOKA</Point>
      <Point>RUTGO</Point>
      <Point>SQRUM</Point>
      <Point>YANAI</Point>
      <Point>SOBOH</Point>
      <Point>AKLEM</Point>
      <Point>RAFUL</Point>
      <Point>MOCOS</Point>
      <Point>ISKID</Point>
      <Point>MAKRA</Point>
      <Point>SAZMA</Point>
      <Point>ENPAD</Point>
      <Point>OLSER</Point>
      <Point>LEMEG</Point>
      <Point>MEKAX</Point>
      <Point>HACHA</Point>
      <Point>BINID</Point>
      <Point>LEXUS</Point>
      <Point>OKUMA</Point>
      <Point>HATIA</Point>
      <Point>BALIE</Point>
      <Point>EGESO</Point>
      <Point>APOGU</Point>
      <Point>SUNFL</Point>
      <Point>IGUSA</Point>
      <Point>RURIK</Point>
      <Point>POMAS</Point>
      <Point>TAPOP</Point>
      <Point>EVERT</Point>
      <Point>CANDY</Point>
      <Point>OTOWA</Point>
      <Point>MAYON</Point>
      <Point>BUBDO</Point>
      <Point>USHIO</Point>
      <Point>NOBEP</Point>
      <Point>PIGOK</Point>
      <Point>TOKIS</Point>
      <Point>SEDRI</Point>
      <Point>ELNIS</Point>
      <Point>SANOR</Point>
      <Point>OLTOM</Point>
      <Point>AKUVU</Point>
      <Point>BALSA</Point>
      <Point>AVKAM</Point>
      <Point>DONKY</Point>
      <Point>LEONA</Point>
      <Point>JEDAI</Point>
      <Point>AKVAS</Point>
      <Point>URUMA</Point>
      <Point>SAPET</Point>
      <Point>IGMON</Point>
      <Point>MEXIR</Point>
      <Point>TEMIP</Point>
      <Point>ADNOK</Point>
      <Point>IKASU</Point>
      <Point>ANLIK</Point>
      <Point>HONDO</Point>
      <Point>LARIX</Point>
      <Point>SANEP</Point>
      <Point>OLTAX</Point>
      <Point>NOKUG</Point>
      <Point>OVSOS</Point>
      <Point>LANAT</Point>
      <Point>CHESS</Point>
      <Point>SHIZU</Point>
      <Point>MARIA</Point>
      <Point>TRUGA</Point>
      <Point>SABAE</Point>
      <Point>ADNAP</Point>
      <Point>OATIS</Point>
      <Point>SOVMO</Point>
      <Point>BEKEN</Point>
      <Point>ELDAK</Point>
      <Point>ASTER</Point>
      <Point>LANCE</Point>
      <Point>AIZUH</Point>
      <Point>ETIGO</Point>
      <Point>ESMAD</Point>
      <Point>ZUWAI</Point>
      <Point>LIVET</Point>
      <Point>YAGAN</Point>
      <Point>IKAHO</Point>
      <Point>HAKKA</Point>
      <Point>OTARI</Point>
      <Point>SUKBO</Point>
      <Point>ALDEM</Point>
      <Point>SHIMO</Point>
      <Point>ESTRA</Point>
      <Point>TUMGI</Point>
      <Point>PEBLA</Point>
      <Point>PRIUS</Point>
      <Point>IHEYA</Point>
      <Point>DOMBI</Point>
      <Point>KARIN</Point>
      <Point>BRAVE</Point>
      <Point>STORK</Point>
      <Point>MADOG</Point>
      <Point>OMUSU</Point>
      <Point>VEGAR</Point>
      <Point>ALBAX</Point>
      <Point>AKASE</Point>
      <Point>AZAMA</Point>
      <Point>KALGU</Point>
      <Point>ASTAK</Point>
      <Point>TOHME</Point>
      <Point>RUPAP</Point>
      <Point>SINGU</Point>
      <Point>SOMEI</Point>
      <Point>DINAH</Point>
      <Point>GOBOH</Point>
      <Point>UBUYU</Point>
      <Point>DATIS</Point>
      <Point>RIDGE</Point>
      <Point>DANDE</Point>
      <Point>OHDAI</Point>
      <Point>AGPUK</Point>
      <Point>ISPUM</Point>
      <Point>SABRI</Point>
      <Point>LELIN</Point>
      <Point>LAXAS</Point>
      <Point>KAGNA</Point>
      <Point>BOPNO</Point>
      <Point>SARGI</Point>
      <Point>IBENO</Point>
      <Point>NADAR</Point>
      <Point>SIOMI</Point>
      <Point>PUTER</Point>
      <Point>DOVIX</Point>
      <Point>POROT</Point>
      <Point>LIGNI</Point>
      <Point>LAKOS</Point>
      <Point>TASOT</Point>
      <Point>MOSLO</Point>
      <Point>IGMIS</Point>
      <Point>AKTAP</Point>
      <Point>SHIBK</Point>
      <Point>TAMAK</Point>
      <Point>VELNO</Point>
      <Point>GEMNI</Point>
      <Point>FREED</Point>
      <Point>NUMKO</Point>
      <Point>LEBAG</Point>
      <Point>HINJA</Point>
      <Point>GANJU</Point>
      <Point>GANAS</Point>
      <Point>YUTAH</Point>
      <Point>YUZKI</Point>
      <Point>DIANA</Point>
      <Point>MAKMU</Point>
      <Point>RUGMA</Point>
      <Point>POTET</Point>
      <Point>BIGIT</Point>
      <Point>ESBIS</Point>
      <Point>LESKA</Point>
      <Point>MELEN</Point>
      <Point>GUPTI</Point>
      <Point>CHAMP</Point>
      <Point>HATSU</Point>
      <Point>GEMBU</Point>
      <Point>KINME</Point>
      <Point>GYOGN</Point>
      <Point>SANGO</Point>
      <Point>NIKKO</Point>
      <Point>KOGAR</Point>
      <Point>OMIYA</Point>
      <Point>EDARR</Point>
      <Point>NIVIL</Point>
      <Point>EBINE</Point>
      <Point>KAZIK</Point>
      <Point>ISPIT</Point>
      <Point>BEDAR</Point>
      <Point>ASOVO</Point>
      <Point>CAMAS</Point>
      <Point>ONIKU</Point>
      <Point>PEPOS</Point>
      <Point>KABKI</Point>
      <Point>FOGEL</Point>
      <Point>NIPEN</Point>
      <Point>REDEK</Point>
      <Point>IGNOT</Point>
      <Point>MITOP</Point>
      <Point>BEGUL</Point>
      <Point>TEKEL</Point>
      <Point>SUNAM</Point>
      <Point>KINAI</Point>
      <Point>SABTU</Point>
      <Point>TOKOM</Point>
      <Point>HABAR</Point>
      <Point>ARIGI</Point>
      <Point>CHINU</Point>
      <Point>PYONG</Point>
      <Point>SUROV</Point>
      <Point>FIATO</Point>
      <Point>DUFFY</Point>
      <Point>SOARA</Point>
      <Point>ANKIX</Point>
      <Point>IMPAL</Point>
      <Point>EGERU</Point>
      <Point>MAGUT</Point>
      <Point>MIDAI</Point>
      <Point>INVAM</Point>
      <Point>MUMBA</Point>
      <Point>MAMOD</Point>
      <Point>MOLKA</Point>
      <Point>SPENS</Point>
      <Point>BERMA</Point>
      <Point>TOPAT</Point>
      <Point>BORDO</Point>
      <Point>ATOTI</Point>
      <Point>BOLUT</Point>
      <Point>LIPLO</Point>
      <Point>MUGUS</Point>
      <Point>SUBTA</Point>
      <Point>SALMI</Point>
      <Point>VEKVO</Point>
      <Point>KONGU</Point>
      <Point>IPDEL</Point>
      <Point>ALTAI</Point>
      <Point>NOGEL</Point>
      <Point>BULAN</Point>
      <Point>IZUMI</Point>
      <Point>HONMA</Point>
      <Point>MUGIE</Point>
      <Point>IRMUT</Point>
      <Point>MANEP</Point>
      <Point>CARDS</Point>
      <Point>SIRON</Point>
      <Point>TUNAS</Point>
      <Point>SPICA</Point>
      <Point>ALGIX</Point>
      <Point>ACORD</Point>
      <Point>TEKOS</Point>
      <Point>GORIN</Point>
      <Point>AVLAS</Point>
      <Point>GUPER</Point>
      <Point>DOLGO</Point>
      <Point>LEBIX</Point>
      <Point>MUBTO</Point>
      <Point>OSOPO</Point>
      <Point>ESNIP</Point>
      <Point>VESET</Point>
      <Point>UGTAN</Point>
      <Point>NOGIX</Point>
      <Point>OLDIV</Point>
      <Point>EKIRA</Point>
      <Point>LALID</Point>
      <Point>LESPO</Point>
      <Point>ALGES</Point>
      <Point>ENVOP</Point>
      <Point>AKRIT</Point>
      <Point>MILIT</Point>
      <Point>RUSDA</Point>
      <Point>ESKEN</Point>
      <Point>POLIX</Point>
      <Point>GULBO</Point>
      <Point>TASID</Point>
      <Point>NOLAX</Point>
      <Point>BITEK</Point>
      <Point>IGARA</Point>
      <Point>AVBET</Point>
      <Point>IDLAN</Point>
      <Point>OPELI</Point>
      <Point>SUPOK</Point>
      <Point>RUTAS</Point>
      <Point>MAMAS</Point>
      <Point>BAFFY</Point>
      <Point>SDATI</Point>
      <Point>SAWAT</Point>
      <Point>AILEY</Point>
      <Point>SABAR</Point>
      <Point>NANAC</Point>
      <Point>POPAB</Point>
      <Point>LOSVA</Point>
      <Point>LAPIL</Point>
      <Point>ISPEK</Point>
      <Point>POVAL</Point>
      <Point>OMGIK</Point>
      <Point>TOKAT</Point>
      <Point>MENIX</Point>
      <Point>VAGLA</Point>
      <Point>LUBLA</Point>
      <Point>IPROS</Point>
      <Point>BEGAD</Point>
      <Point>ENSAT</Point>
      <Point>OLVEK</Point>
      <Point>DOLBA</Point>
      <Point>DAGDA</Point>
      <Point>IGLAN</Point>
      <Point>BOLED</Point>
      <Point>SARLU</Point>
      <Point>ANSAD</Point>
      <Point>MIURA</Point>
      <Point>MERED</Point>
      <Point>ADKAK</Point>
      <Point>OLVAN</Point>
      <Point>GULIS</Point>
      <Point>IRNOK</Point>
      <Point>SMOLT</Point>
      <Point>PONEM</Point>
      <Point>PEDLA</Point>
      <Point>AROSA</Point>
      <Point>VIPOT</Point>
      <Point>GULEG</Point>
      <Point>BORLO</Point>
      <Point>TELAS</Point>
      <Point>PIPIK</Point>
      <Point>SAMUS</Point>
      <Point>ENDIB</Point>
      <Point>YOSHI</Point>
      <Point>MAPDO</Point>
      <Point>TOPIT</Point>
      <Point>FITTO</Point>
      <Point>TEMAR</Point>
      <Point>ELGIM</Point>
      <Point>RURER</Point>
      <Point>LUTNA</Point>
      <Point>HAGAR</Point>
      <Point>GYODA</Point>
      <Point>OSPAN</Point>
      <Point>NEZAM</Point>
      <Point>SLIDE</Point>
      <Point>RIKYU</Point>
      <Point>ONUMA</Point>
      <Point>ISBIS</Point>
      <Point>YARII</Point>
      <Point>PABBA</Point>
      <Point>BEKPO</Point>
      <Point>DAKEX</Point>
      <Point>TATSU</Point>
      <Point>OGITU</Point>
      <Point>MAMID</Point>
      <Point>LENVO</Point>
      <Point>AGIMO</Point>
      <Point>MEVOL</Point>
      <Point>ENEOS</Point>
      <Point>HAILY</Point>
      <Point>YANAT</Point>
      <Point>HOKTO</Point>
      <Point>APOII</Point>
      <Point>SKIPE</Point>
      <Point>GNITS</Point>
      <Point>TAXUK</Point>
      <Point>SPIDR</Point>
      <Point>SEPCO</Point>
      <Point>KAMSA</Point>
      <Point>GEPPA</Point>
      <Point>NOMAS</Point>
      <Point>CELCA</Point>
      <Point>AKIAS</Point>
      <Point>KADBO</Point>
      <Point>EKUSA</Point>
      <Point>MAYVE</Point>
      <Point>YACKL</Point>
      <Point>ALUYO</Point>
      <Point>YUUPA</Point>
      <Point>GANEK</Point>
      <Point>BISIS</Point>
      <Point>ENTOK</Point>
      <Point>RYUKI</Point>
      <Point>MIKES</Point>
      <Point>AGIKA</Point>
      <Point>IGOBI</Point>
      <Point>ANDOL</Point>
    </Symbol>
    <Symbol Type="Hexagon">
      <Point>MDE</Point>
      <Point>WKE</Point>
      <Point>CHE</Point>
      <Point>HPE</Point>
      <Point>MRE</Point>
      <Point>MKE</Point>
      <Point>SDE</Point>
      <Point>FKE</Point>
      <Point>RSE</Point>
      <Point>TCE</Point>
      <Point>MQE</Point>
      <Point>YTE</Point>
      <Point>OBE</Point>
      <Point>TBE</Point>
      <Point>HWE</Point>
      <Point>AWE</Point>
      <Point>MVE</Point>
      <Point>GTC</Point>
      <Point>MBE</Point>
      <Point>KEC</Point>
      <Point>CBE</Point>
      <Point>DGC</Point>
      <Point>HKC</Point>
      <Point>TGE</Point>
      <Point>YME</Point>
      <Point>TRE</Point>
      <Point>IKE</Point>
      <Point>OYE</Point>
      <Point>FUE</Point>
      <Point>KRE</Point>
      <Point>XAC</Point>
      <Point>SUC</Point>
      <Point>VCE</Point>
      <Point>OLE</Point>
      <Point>KCC</Point>
      <Point>MYE</Point>
      <Point>UBE</Point>
      <Point>SWE</Point>
      <Point>SZE</Point>
      <Point>NTE</Point>
      <Point>UWE</Point>
      <Point>KTE</Point>
      <Point>TSC</Point>
      <Point>KMC</Point>
      <Point>KUE</Point>
      <Point>ONC</Point>
      <Point>NHC</Point>
      <Point>KXC</Point>
      <Point>MJC</Point>
      <Point>IGE</Point>
      <Point>MOE</Point>
      <Point>HCE</Point>
      <Point>IXE</Point>
    </Symbol>
    <Symbol Type="HollowSquare">
      <Point>MDE</Point>
      <Point>WKE</Point>
      <Point>CHE</Point>
      <Point>HPE</Point>
      <Point>MRE</Point>
      <Point>MKE</Point>
      <Point>SDE</Point>
      <Point>FKE</Point>
      <Point>RSE</Point>
      <Point>TCE</Point>
      <Point>MQE</Point>
      <Point>YTE</Point>
      <Point>OBE</Point>
      <Point>TBE</Point>
      <Point>HWE</Point>
      <Point>AWE</Point>
      <Point>MVE</Point>
      <Point>GTC</Point>
      <Point>MBE</Point>
      <Point>KEC</Point>
      <Point>CBE</Point>
      <Point>DGC</Point>
      <Point>HKC</Point>
      <Point>TGE</Point>
      <Point>YME</Point>
      <Point>TRE</Point>
      <Point>IKE</Point>
      <Point>OYE</Point>
      <Point>FUE</Point>
      <Point>KRE</Point>
      <Point>XAC</Point>
      <Point>SUC</Point>
      <Point>VCE</Point>
      <Point>OLE</Point>
      <Point>KCC</Point>
      <Point>MYE</Point>
      <Point>UBE</Point>
      <Point>SWE</Point>
      <Point>SZE</Point>
      <Point>NTE</Point>
      <Point>UWE</Point>
      <Point>KTE</Point>
      <Point>TSC</Point>
      <Point>KMC</Point>
      <Point>KUE</Point>
      <Point>ONC</Point>
      <Point>NHC</Point>
      <Point>KXC</Point>
      <Point>MJC</Point>
      <Point>IGE</Point>
      <Point>MOE</Point>
      <Point>HCE</Point>
      <Point>IXE</Point>
    </Symbol>
    <Label>
      <Point>HARKI</Point>
      <Point>IGPAK</Point>
      <Point>ISMAV</Point>
      <Point>IPGUD</Point>
      <Point>BUICK</Point>
      <Point>AKUSI</Point>
      <Point>CORCO</Point>
      <Point>WHALE</Point>
      <Point>MDE</Point>
      <Point>LUMIN</Point>
      <Point>WKE</Point>
      <Point>YOROI</Point>
      <Point>RUMOI</Point>
      <Point>CHE</Point>
      <Point>TOBBY</Point>
      <Point>LARCH</Point>
      <Point>PANSY</Point>
      <Point>HPE</Point>
      <Point>VINAR</Point>
      <Point>ZAHAN</Point>
      <Point>RUBIS</Point>
      <Point>ASHRA</Point>
      <Point>SASAP</Point>
      <Point>GUSGI</Point>
      <Point>DAIGO</Point>
      <Point>TEDIX</Point>
      <Point>GODIN</Point>
      <Point>MRE</Point>
      <Point>ESBUN</Point>
      <Point>ENBIM</Point>
      <Point>RUGMO</Point>
      <Point>MKE</Point>
      <Point>CAVES</Point>
      <Point>METEL</Point>
      <Point>SDE</Point>
      <Point>HERON</Point>
      <Point>FKE</Point>
      <Point>KAGRA</Point>
      <Point>UTASI</Point>
      <Point>OLMOK</Point>
      <Point>AKSUN</Point>
      <Point>ORISU</Point>
      <Point>RSE</Point>
      <Point>LEDAX</Point>
      <Point>NOMOX</Point>
      <Point>TCE</Point>
      <Point>YUDOH</Point>
      <Point>MQE</Point>
      <Point>STONE</Point>
      <Point>COLOR</Point>
      <Point>HONDA</Point>
      <Point>YOHRO</Point>
      <Point>UTIBO</Point>
      <Point>INUBO</Point>
      <Point>MESSE</Point>
      <Point>NAVER</Point>
      <Point>IBURI</Point>
      <Point>NONUT</Point>
      <Point>CAPLY</Point>
      <Point>JYONA</Point>
      <Point>SAMBO</Point>
      <Point>PEONY</Point>
      <Point>VARSU</Point>
      <Point>HANKA</Point>
      <Point>YTE</Point>
      <Point>SHIRO</Point>
      <Point>SADVO</Point>
      <Point>SYOEN</Point>
      <Point>YAITA</Point>
      <Point>AGRIS</Point>
      <Point>OBE</Point>
      <Point>TAIKI</Point>
      <Point>RACKO</Point>
      <Point>HIROO</Point>
      <Point>IGDIP</Point>
      <Point>EPDOM</Point>
      <Point>TBE</Point>
      <Point>OZORA</Point>
      <Point>CRANE</Point>
      <Point>AKESI</Point>
      <Point>SUMGA</Point>
      <Point>OMGOL</Point>
      <Point>MENIB</Point>
      <Point>ONISO</Point>
      <Point>ENTOD</Point>
      <Point>PADMO</Point>
      <Point>ESLUK</Point>
      <Point>HWE</Point>
      <Point>TAXIR</Point>
      <Point>HIBAR</Point>
      <Point>BYOBU</Point>
      <Point>YACHI</Point>
      <Point>HINAI</Point>
      <Point>ORUMU</Point>
      <Point>WAPPA</Point>
      <Point>ANIMO</Point>
      <Point>AWE</Point>
      <Point>USUBA</Point>
      <Point>GASAN</Point>
      <Point>HATRI</Point>
      <Point>BISIV</Point>
      <Point>MVE</Point>
      <Point>LUBEK</Point>
      <Point>ASIBE</Point>
      <Point>LEKOL</Point>
      <Point>TOLEK</Point>
      <Point>NISEP</Point>
      <Point>NIRAX</Point>
      <Point>BUSNI</Point>
      <Point>NASNO</Point>
      <Point>KIMIN</Point>
      <Point>UBRAS</Point>
      <Point>OHMAR</Point>
      <Point>ELBIT</Point>
      <Point>TAPPI</Point>
      <Point>ARIKA</Point>
      <Point>OTOME</Point>
      <Point>GTC</Point>
      <Point>IPKIL</Point>
      <Point>FINGA</Point>
      <Point>ISDAM</Point>
      <Point>KIBOM</Point>
      <Point>MBE</Point>
      <Point>MATPI</Point>
      <Point>IPNUN</Point>
      <Point>TOLUM</Point>
      <Point>NAKTU</Point>
      <Point>POTEB</Point>
      <Point>KOHWA</Point>
      <Point>SHIMA</Point>
      <Point>AYANO</Point>
      <Point>RAYJO</Point>
      <Point>KEC</Point>
      <Point>LAXEL</Point>
      <Point>DALBI</Point>
      <Point>RURUD</Point>
      <Point>OBAKO</Point>
      <Point>RIPSI</Point>
      <Point>MAPLE</Point>
      <Point>MAMLA</Point>
      <Point>SWING</Point>
      <Point>CBE</Point>
      <Point>LABEL</Point>
      <Point>YOHKO</Point>
      <Point>ATUMI</Point>
      <Point>BUDOH</Point>
      <Point>INAHO</Point>
      <Point>MAMRO</Point>
      <Point>IWASE</Point>
      <Point>JUGEM</Point>
      <Point>TEBAS</Point>
      <Point>KIKOL</Point>
      <Point>SIRAO</Point>
      <Point>IDEMI</Point>
      <Point>TIKYU</Point>
      <Point>MEKAB</Point>
      <Point>SMELT</Point>
      <Point>AKITA</Point>
      <Point>BENNY</Point>
      <Point>BASIN</Point>
      <Point>KROBE</Point>
      <Point>GOHEI</Point>
      <Point>GUJYO</Point>
      <Point>OLSIM</Point>
      <Point>UGURO</Point>
      <Point>NUGNO</Point>
      <Point>TOMAM</Point>
      <Point>NULKI</Point>
      <Point>LUXES</Point>
      <Point>MARON</Point>
      <Point>ENKAT</Point>
      <Point>ADMIG</Point>
      <Point>NODUK</Point>
      <Point>EMREG</Point>
      <Point>OLDUS</Point>
      <Point>BOKSO</Point>
      <Point>NYUDO</Point>
      <Point>GOLDO</Point>
      <Point>TATAM</Point>
      <Point>HOTAL</Point>
      <Point>SAMON</Point>
      <Point>SUGNO</Point>
      <Point>MIHOU</Point>
      <Point>BESMU</Point>
      <Point>OLTUN</Point>
      <Point>STOUT</Point>
      <Point>DGC</Point>
      <Point>OSTEP</Point>
      <Point>OMUTA</Point>
      <Point>TAIME</Point>
      <Point>FUGEN</Point>
      <Point>HINAG</Point>
      <Point>SASIK</Point>
      <Point>SAPIS</Point>
      <Point>HKC</Point>
      <Point>ELPAG</Point>
      <Point>KINKO</Point>
      <Point>TOZAK</Point>
      <Point>ISMAD</Point>
      <Point>KAGYA</Point>
      <Point>TGE</Point>
      <Point>BIHOK</Point>
      <Point>OYSTR</Point>
      <Point>MARCO</Point>
      <Point>BEGSA</Point>
      <Point>NESKO</Point>
      <Point>SAKYU</Point>
      <Point>ORUDA</Point>
      <Point>ADLEB</Point>
      <Point>DULOK</Point>
      <Point>LATOR</Point>
      <Point>VIBEL</Point>
      <Point>OSPEL</Point>
      <Point>SAMBA</Point>
      <Point>MAGGY</Point>
      <Point>AMMON</Point>
      <Point>MABNO</Point>
      <Point>ONSKE</Point>
      <Point>TEPIS</Point>
      <Point>OWLET</Point>
      <Point>INAWA</Point>
      <Point>HEIKE</Point>
      <Point>DANDY</Point>
      <Point>TADMI</Point>
      <Point>MYOGI</Point>
      <Point>TENRU</Point>
      <Point>AMIDA</Point>
      <Point>CHAUS</Point>
      <Point>SIOMO</Point>
      <Point>RUNID</Point>
      <Point>IBELU</Point>
      <Point>TETRA</Point>
      <Point>ENPAR</Point>
      <Point>NIXIS</Point>
      <Point>TEPEX</Point>
      <Point>ISDOS</Point>
      <Point>NOGUP</Point>
      <Point>IGPOS</Point>
      <Point>BIDIK</Point>
      <Point>MADUL</Point>
      <Point>SAPRA</Point>
      <Point>BEKLA</Point>
      <Point>OLBER</Point>
      <Point>PIGAP</Point>
      <Point>DOLNU</Point>
      <Point>VERUG</Point>
      <Point>ELKOT</Point>
      <Point>OVMAX</Point>
      <Point>YME</Point>
      <Point>LEPGU</Point>
      <Point>RAKDA</Point>
      <Point>IDMEN</Point>
      <Point>OGISO</Point>
      <Point>AKNOM</Point>
      <Point>KANNA</Point>
      <Point>TRE</Point>
      <Point>TOZAN</Point>
      <Point>NAMMY</Point>
      <Point>GUSRO</Point>
      <Point>LEBOS</Point>
      <Point>VENDI</Point>
      <Point>SUGAL</Point>
      <Point>ENDAG</Point>
      <Point>MORVA</Point>
      <Point>ARASI</Point>
      <Point>GINJI</Point>
      <Point>WAKIT</Point>
      <Point>KAMMY</Point>
      <Point>CLOVE</Point>
      <Point>BASIL</Point>
      <Point>SUNPI</Point>
      <Point>RUVEK</Point>
      <Point>KIRIN</Point>
      <Point>EBISU</Point>
      <Point>IKE</Point>
      <Point>TRACY</Point>
      <Point>LALAH</Point>
      <Point>BRITE</Point>
      <Point>AMURO</Point>
      <Point>WIMPY</Point>
      <Point>UKELI</Point>
      <Point>MINTO</Point>
      <Point>IBIPI</Point>
      <Point>OHGIE</Point>
      <Point>TRIPY</Point>
      <Point>MIMMY</Point>
      <Point>SIMAG</Point>
      <Point>BENES</Point>
      <Point>OYE</Point>
      <Point>YAKMO</Point>
      <Point>OPERA</Point>
      <Point>ENRUN</Point>
      <Point>KALEK</Point>
      <Point>IPLES</Point>
      <Point>IGREN</Point>
      <Point>APILU</Point>
      <Point>IGOTO</Point>
      <Point>HIKNE</Point>
      <Point>KRAMA</Point>
      <Point>INVOK</Point>
      <Point>BEETL</Point>
      <Point>KOIMA</Point>
      <Point>LUKRA</Point>
      <Point>BESNA</Point>
      <Point>PAVGA</Point>
      <Point>FRAIZ</Point>
      <Point>SARUP</Point>
      <Point>AKSEL</Point>
      <Point>RUNSO</Point>
      <Point>SELNO</Point>
      <Point>PAMVI</Point>
      <Point>MENUR</Point>
      <Point>BILLY</Point>
      <Point>TAREB</Point>
      <Point>ARTIC</Point>
      <Point>BOKJO</Point>
      <Point>ENSYU</Point>
      <Point>BOGON</Point>
      <Point>FLUTE</Point>
      <Point>ELMIR</Point>
      <Point>ANSUM</Point>
      <Point>UKAKO</Point>
      <Point>EKUNU</Point>
      <Point>SPIDE</Point>
      <Point>BEGOP</Point>
      <Point>OOITA</Point>
      <Point>KASTE</Point>
      <Point>FUE</Point>
      <Point>MIRIO</Point>
      <Point>BECKY</Point>
      <Point>JANGO</Point>
      <Point>ROSIE</Point>
      <Point>AWAJI</Point>
      <Point>SUNNY</Point>
      <Point>KRE</Point>
      <Point>SATKI</Point>
      <Point>AGRUM</Point>
      <Point>SIROK</Point>
      <Point>XAC</Point>
      <Point>LEKUT</Point>
      <Point>HALKA</Point>
      <Point>MIGEM</Point>
      <Point>YANKS</Point>
      <Point>ALBAT</Point>
      <Point>HALON</Point>
      <Point>TURFY</Point>
      <Point>JAKAL</Point>
      <Point>GREEN</Point>
      <Point>SUC</Point>
      <Point>KOSHI</Point>
      <Point>PANCH</Point>
      <Point>ISKUP</Point>
      <Point>GUSPA</Point>
      <Point>GOKYO</Point>
      <Point>LELAD</Point>
      <Point>MOMPA</Point>
      <Point>ATNOX</Point>
      <Point>BOMAP</Point>
      <Point>IGREK</Point>
      <Point>KANAH</Point>
      <Point>AMAMI</Point>
      <Point>VCE</Point>
      <Point>AGATA</Point>
      <Point>OMDUK</Point>
      <Point>ISTAK</Point>
      <Point>AKNAG</Point>
      <Point>SALID</Point>
      <Point>OLE</Point>
      <Point>ATSAG</Point>
      <Point>EKIRI</Point>
      <Point>OLVIN</Point>
      <Point>TERIG</Point>
      <Point>OLNUX</Point>
      <Point>HASSY</Point>
      <Point>RISRU</Point>
      <Point>CARRY</Point>
      <Point>SEPIA</Point>
      <Point>SWANO</Point>
      <Point>ANOXA</Point>
      <Point>POLAM</Point>
      <Point>YURIX</Point>
      <Point>KAORU</Point>
      <Point>LILRA</Point>
      <Point>IGURU</Point>
      <Point>RUSAR</Point>
      <Point>AMMEK</Point>
      <Point>SAKON</Point>
      <Point>NINOX</Point>
      <Point>BIVET</Point>
      <Point>KIDAX</Point>
      <Point>IDNIL</Point>
      <Point>KCC</Point>
      <Point>BIWWA</Point>
      <Point>ADGUN</Point>
      <Point>MIDER</Point>
      <Point>SANDA</Point>
      <Point>HYOGO</Point>
      <Point>ASANO</Point>
      <Point>OLIVE</Point>
      <Point>BIZEN</Point>
      <Point>PIONE</Point>
      <Point>DANGO</Point>
      <Point>WASYU</Point>
      <Point>BINGO</Point>
      <Point>BAMBO</Point>
      <Point>ONDOC</Point>
      <Point>CLIPA</Point>
      <Point>HIZET</Point>
      <Point>ACTIE</Point>
      <Point>ISAKY</Point>
      <Point>SOUJA</Point>
      <Point>CARPS</Point>
      <Point>UNSOB</Point>
      <Point>ELNEB</Point>
      <Point>AYAME</Point>
      <Point>SHION</Point>
      <Point>HIBIS</Point>
      <Point>OBOKE</Point>
      <Point>POPPY</Point>
      <Point>KINOE</Point>
      <Point>ITUKI</Point>
      <Point>MYE</Point>
      <Point>DEMIZ</Point>
      <Point>KATTA</Point>
      <Point>UBE</Point>
      <Point>SAZOH</Point>
      <Point>IWAYA</Point>
      <Point>ASARI</Point>
      <Point>SWE</Point>
      <Point>INOOK</Point>
      <Point>TAKMA</Point>
      <Point>SHTLE</Point>
      <Point>OLKED</Point>
      <Point>YULIA</Point>
      <Point>GUSLU</Point>
      <Point>TONAR</Point>
      <Point>GAKIA</Point>
      <Point>KOSKA</Point>
      <Point>DALMA</Point>
      <Point>SZE</Point>
      <Point>GAKKI</Point>
      <Point>MORIZ</Point>
      <Point>KOMAK</Point>
      <Point>HANTO</Point>
      <Point>GUGBI</Point>
      <Point>BONGO</Point>
      <Point>ENTAK</Point>
      <Point>GURIP</Point>
      <Point>SWAMP</Point>
      <Point>IGROD</Point>
      <Point>CLALA</Point>
      <Point>REALU</Point>
      <Point>VIROP</Point>
      <Point>ENVAS</Point>
      <Point>BUTOS</Point>
      <Point>VIKET</Point>
      <Point>AKTIL</Point>
      <Point>ESKAS</Point>
      <Point>BISAM</Point>
      <Point>OLKAP</Point>
      <Point>AKNED</Point>
      <Point>WAKOH</Point>
      <Point>KOHAK</Point>
      <Point>HISUI</Point>
      <Point>GENGE</Point>
      <Point>NTE</Point>
      <Point>UWE</Point>
      <Point>YAYOI</Point>
      <Point>SEBGA</Point>
      <Point>KENSI</Point>
      <Point>MAGNA</Point>
      <Point>NAEBA</Point>
      <Point>PAPNA</Point>
      <Point>AZUMI</Point>
      <Point>CHOKA</Point>
      <Point>MIKUM</Point>
      <Point>HOKUU</Point>
      <Point>ZUNDA</Point>
      <Point>YUSKE</Point>
      <Point>SEDKU</Point>
      <Point>STAGE</Point>
      <Point>SHOOT</Point>
      <Point>ANRIN</Point>
      <Point>PROOF</Point>
      <Point>KTE</Point>
      <Point>KOMPI</Point>
      <Point>SAKAI</Point>
      <Point>MALTA</Point>
      <Point>KULUL</Point>
      <Point>TSC</Point>
      <Point>KAPPA</Point>
      <Point>IGRAS</Point>
      <Point>DISSH</Point>
      <Point>MAIKO</Point>
      <Point>WENDY</Point>
      <Point>GLORY</Point>
      <Point>TANTA</Point>
      <Point>BUGGY</Point>
      <Point>OSUGO</Point>
      <Point>SUKMO</Point>
      <Point>TETTA</Point>
      <Point>EKVIK</Point>
      <Point>HANAB</Point>
      <Point>BERTH</Point>
      <Point>RANDY</Point>
      <Point>SALTY</Point>
      <Point>RISBI</Point>
      <Point>PIPED</Point>
      <Point>EKABU</Point>
      <Point>SQUID</Point>
      <Point>CHILY</Point>
      <Point>PEPAR</Point>
      <Point>SPICE</Point>
      <Point>SAEKI</Point>
      <Point>ALISA</Point>
      <Point>TONBI</Point>
      <Point>AVGOK</Point>
      <Point>HAIJI</Point>
      <Point>SUKOB</Point>
      <Point>SANJO</Point>
      <Point>GOSEN</Point>
      <Point>TAGOK</Point>
      <Point>MAUKA</Point>
      <Point>KALON</Point>
      <Point>YONOH</Point>
      <Point>JYOGA</Point>
      <Point>AKAGI</Point>
      <Point>SANOH</Point>
      <Point>MEDIO</Point>
      <Point>ROKKO</Point>
      <Point>TSUNO</Point>
      <Point>HIMMY</Point>
      <Point>KMC</Point>
      <Point>OVRES</Point>
      <Point>SOTOM</Point>
      <Point>AVNON</Point>
      <Point>MENOU</Point>
      <Point>YUBAR</Point>
      <Point>SHONO</Point>
      <Point>WOODY</Point>
      <Point>IGLAT</Point>
      <Point>ASONO</Point>
      <Point>KAZMA</Point>
      <Point>KUE</Point>
      <Point>ESNAL</Point>
      <Point>IRPIN</Point>
      <Point>MILEP</Point>
      <Point>OSETO</Point>
      <Point>AGRIT</Point>
      <Point>CARCO</Point>
      <Point>KAINA</Point>
      <Point>KAZRA</Point>
      <Point>ZOROH</Point>
      <Point>RIVER</Point>
      <Point>JINBE</Point>
      <Point>RYUGU</Point>
      <Point>KAIFU</Point>
      <Point>NATCH</Point>
      <Point>VERDI</Point>
      <Point>TARBY</Point>
      <Point>KASLY</Point>
      <Point>DONAR</Point>
      <Point>ISEBI</Point>
      <Point>KILAP</Point>
      <Point>KISEI</Point>
      <Point>PADOC</Point>
      <Point>TERAD</Point>
      <Point>HAKBA</Point>
      <Point>GORYU</Point>
      <Point>IKUJI</Point>
      <Point>URUSI</Point>
      <Point>IMIZU</Point>
      <Point>OYABE</Point>
      <Point>SONBU</Point>
      <Point>ATPOD</Point>
      <Point>KYOKA</Point>
      <Point>RUTGO</Point>
      <Point>SQRUM</Point>
      <Point>YANAI</Point>
      <Point>SOBOH</Point>
      <Point>AKLEM</Point>
      <Point>RAFUL</Point>
      <Point>MOCOS</Point>
      <Point>ISKID</Point>
      <Point>MAKRA</Point>
      <Point>SAZMA</Point>
      <Point>ENPAD</Point>
      <Point>OLSER</Point>
      <Point>LEMEG</Point>
      <Point>MEKAX</Point>
      <Point>HACHA</Point>
      <Point>BINID</Point>
      <Point>ONC</Point>
      <Point>LEXUS</Point>
      <Point>OKUMA</Point>
      <Point>NHC</Point>
      <Point>HATIA</Point>
      <Point>BALIE</Point>
      <Point>EGESO</Point>
      <Point>APOGU</Point>
      <Point>SUNFL</Point>
      <Point>IGUSA</Point>
      <Point>RURIK</Point>
      <Point>POMAS</Point>
      <Point>TAPOP</Point>
      <Point>EVERT</Point>
      <Point>CANDY</Point>
      <Point>OTOWA</Point>
      <Point>MAYON</Point>
      <Point>BUBDO</Point>
      <Point>USHIO</Point>
      <Point>NOBEP</Point>
      <Point>PIGOK</Point>
      <Point>TOKIS</Point>
      <Point>SEDRI</Point>
      <Point>ELNIS</Point>
      <Point>SANOR</Point>
      <Point>OLTOM</Point>
      <Point>AKUVU</Point>
      <Point>BALSA</Point>
      <Point>AVKAM</Point>
      <Point>DONKY</Point>
      <Point>LEONA</Point>
      <Point>JEDAI</Point>
      <Point>AKVAS</Point>
      <Point>URUMA</Point>
      <Point>SAPET</Point>
      <Point>IGMON</Point>
      <Point>MEXIR</Point>
      <Point>TEMIP</Point>
      <Point>ADNOK</Point>
      <Point>IKASU</Point>
      <Point>ANLIK</Point>
      <Point>HONDO</Point>
      <Point>LARIX</Point>
      <Point>SANEP</Point>
      <Point>OLTAX</Point>
      <Point>NOKUG</Point>
      <Point>OVSOS</Point>
      <Point>LANAT</Point>
      <Point>CHESS</Point>
      <Point>SHIZU</Point>
      <Point>MARIA</Point>
      <Point>TRUGA</Point>
      <Point>SABAE</Point>
      <Point>ADNAP</Point>
      <Point>OATIS</Point>
      <Point>SOVMO</Point>
      <Point>BEKEN</Point>
      <Point>ELDAK</Point>
      <Point>ASTER</Point>
      <Point>LANCE</Point>
      <Point>AIZUH</Point>
      <Point>ETIGO</Point>
      <Point>ESMAD</Point>
      <Point>ZUWAI</Point>
      <Point>LIVET</Point>
      <Point>YAGAN</Point>
      <Point>IKAHO</Point>
      <Point>HAKKA</Point>
      <Point>OTARI</Point>
      <Point>SUKBO</Point>
      <Point>ALDEM</Point>
      <Point>SHIMO</Point>
      <Point>ESTRA</Point>
      <Point>TUMGI</Point>
      <Point>PEBLA</Point>
      <Point>PRIUS</Point>
      <Point>IHEYA</Point>
      <Point>KXC</Point>
      <Point>DOMBI</Point>
      <Point>KARIN</Point>
      <Point>BRAVE</Point>
      <Point>STORK</Point>
      <Point>MADOG</Point>
      <Point>OMUSU</Point>
      <Point>VEGAR</Point>
      <Point>ALBAX</Point>
      <Point>AKASE</Point>
      <Point>AZAMA</Point>
      <Point>KALGU</Point>
      <Point>ASTAK</Point>
      <Point>TOHME</Point>
      <Point>RUPAP</Point>
      <Point>SINGU</Point>
      <Point>SOMEI</Point>
      <Point>DINAH</Point>
      <Point>GOBOH</Point>
      <Point>UBUYU</Point>
      <Point>DATIS</Point>
      <Point>RIDGE</Point>
      <Point>DANDE</Point>
      <Point>OHDAI</Point>
      <Point>AGPUK</Point>
      <Point>ISPUM</Point>
      <Point>SABRI</Point>
      <Point>LELIN</Point>
      <Point>LAXAS</Point>
      <Point>KAGNA</Point>
      <Point>BOPNO</Point>
      <Point>SARGI</Point>
      <Point>IBENO</Point>
      <Point>NADAR</Point>
      <Point>SIOMI</Point>
      <Point>PUTER</Point>
      <Point>DOVIX</Point>
      <Point>POROT</Point>
      <Point>LIGNI</Point>
      <Point>LAKOS</Point>
      <Point>TASOT</Point>
      <Point>MOSLO</Point>
      <Point>IGMIS</Point>
      <Point>AKTAP</Point>
      <Point>SHIBK</Point>
      <Point>TAMAK</Point>
      <Point>VELNO</Point>
      <Point>GEMNI</Point>
      <Point>FREED</Point>
      <Point>MJC</Point>
      <Point>NUMKO</Point>
      <Point>LEBAG</Point>
      <Point>HINJA</Point>
      <Point>GANJU</Point>
      <Point>GANAS</Point>
      <Point>YUTAH</Point>
      <Point>YUZKI</Point>
      <Point>DIANA</Point>
      <Point>IGE</Point>
      <Point>MAKMU</Point>
      <Point>RUGMA</Point>
      <Point>POTET</Point>
      <Point>BIGIT</Point>
      <Point>ESBIS</Point>
      <Point>LESKA</Point>
      <Point>MELEN</Point>
      <Point>GUPTI</Point>
      <Point>CHAMP</Point>
      <Point>HATSU</Point>
      <Point>GEMBU</Point>
      <Point>KINME</Point>
      <Point>GYOGN</Point>
      <Point>SANGO</Point>
      <Point>NIKKO</Point>
      <Point>KOGAR</Point>
      <Point>OMIYA</Point>
      <Point>EDARR</Point>
      <Point>NIVIL</Point>
      <Point>MOE</Point>
      <Point>EBINE</Point>
      <Point>HCE</Point>
      <Point>KAZIK</Point>
      <Point>ISPIT</Point>
      <Point>BEDAR</Point>
      <Point>ASOVO</Point>
      <Point>CAMAS</Point>
      <Point>ONIKU</Point>
      <Point>PEPOS</Point>
      <Point>KABKI</Point>
      <Point>FOGEL</Point>
      <Point>NIPEN</Point>
      <Point>REDEK</Point>
      <Point>IGNOT</Point>
      <Point>MITOP</Point>
      <Point>BEGUL</Point>
      <Point>TEKEL</Point>
      <Point>SUNAM</Point>
      <Point>KINAI</Point>
      <Point>SABTU</Point>
      <Point>TOKOM</Point>
      <Point>HABAR</Point>
      <Point>ARIGI</Point>
      <Point>CHINU</Point>
      <Point>PYONG</Point>
      <Point>SUROV</Point>
      <Point>FIATO</Point>
      <Point>DUFFY</Point>
      <Point>SOARA</Point>
      <Point>ANKIX</Point>
      <Point>IMPAL</Point>
      <Point>EGERU</Point>
      <Point>MAGUT</Point>
      <Point>MIDAI</Point>
      <Point>INVAM</Point>
      <Point>MUMBA</Point>
      <Point>MAMOD</Point>
      <Point>MOLKA</Point>
      <Point>SPENS</Point>
      <Point>BERMA</Point>
      <Point>TOPAT</Point>
      <Point>BORDO</Point>
      <Point>ATOTI</Point>
      <Point>BOLUT</Point>
      <Point>LIPLO</Point>
      <Point>MUGUS</Point>
      <Point>SUBTA</Point>
      <Point>SALMI</Point>
      <Point>VEKVO</Point>
      <Point>KONGU</Point>
      <Point>IPDEL</Point>
      <Point>ALTAI</Point>
      <Point>NOGEL</Point>
      <Point>BULAN</Point>
      <Point>IZUMI</Point>
      <Point>HONMA</Point>
      <Point>MUGIE</Point>
      <Point>IRMUT</Point>
      <Point>MANEP</Point>
      <Point>CARDS</Point>
      <Point>SIRON</Point>
      <Point>TUNAS</Point>
      <Point>SPICA</Point>
      <Point>ALGIX</Point>
      <Point>ACORD</Point>
      <Point>TEKOS</Point>
      <Point>GORIN</Point>
      <Point>AVLAS</Point>
      <Point>GUPER</Point>
      <Point>DOLGO</Point>
      <Point>LEBIX</Point>
      <Point>MUBTO</Point>
      <Point>OSOPO</Point>
      <Point>ESNIP</Point>
      <Point>VESET</Point>
      <Point>UGTAN</Point>
      <Point>NOGIX</Point>
      <Point>OLDIV</Point>
      <Point>EKIRA</Point>
      <Point>LALID</Point>
      <Point>LESPO</Point>
      <Point>ALGES</Point>
      <Point>ENVOP</Point>
      <Point>AKRIT</Point>
      <Point>MILIT</Point>
      <Point>RUSDA</Point>
      <Point>ESKEN</Point>
      <Point>POLIX</Point>
      <Point>GULBO</Point>
      <Point>TASID</Point>
      <Point>NOLAX</Point>
      <Point>BITEK</Point>
      <Point>IGARA</Point>
      <Point>AVBET</Point>
      <Point>IDLAN</Point>
      <Point>OPELI</Point>
      <Point>SUPOK</Point>
      <Point>RUTAS</Point>
      <Point>MAMAS</Point>
      <Point>BAFFY</Point>
      <Point>SDATI</Point>
      <Point>SAWAT</Point>
      <Point>AILEY</Point>
      <Point>SABAR</Point>
      <Point>NANAC</Point>
      <Point>POPAB</Point>
      <Point>LOSVA</Point>
      <Point>LAPIL</Point>
      <Point>ISPEK</Point>
      <Point>POVAL</Point>
      <Point>OMGIK</Point>
      <Point>TOKAT</Point>
      <Point>MENIX</Point>
      <Point>VAGLA</Point>
      <Point>LUBLA</Point>
      <Point>IPROS</Point>
      <Point>BEGAD</Point>
      <Point>ENSAT</Point>
      <Point>OLVEK</Point>
      <Point>DOLBA</Point>
      <Point>DAGDA</Point>
      <Point>IGLAN</Point>
      <Point>BOLED</Point>
      <Point>SARLU</Point>
      <Point>ANSAD</Point>
      <Point>MIURA</Point>
      <Point>MERED</Point>
      <Point>ADKAK</Point>
      <Point>OLVAN</Point>
      <Point>GULIS</Point>
      <Point>IRNOK</Point>
      <Point>SMOLT</Point>
      <Point>PONEM</Point>
      <Point>PEDLA</Point>
      <Point>AROSA</Point>
      <Point>VIPOT</Point>
      <Point>GULEG</Point>
      <Point>BORLO</Point>
      <Point>TELAS</Point>
      <Point>PIPIK</Point>
      <Point>SAMUS</Point>
      <Point>ENDIB</Point>
      <Point>YOSHI</Point>
      <Point>MAPDO</Point>
      <Point>TOPIT</Point>
      <Point>FITTO</Point>
      <Point>TEMAR</Point>
      <Point>ELGIM</Point>
      <Point>RURER</Point>
      <Point>LUTNA</Point>
      <Point>IXE</Point>
      <Point>HAGAR</Point>
      <Point>GYODA</Point>
      <Point>OSPAN</Point>
      <Point>NEZAM</Point>
      <Point>SLIDE</Point>
      <Point>RIKYU</Point>
      <Point>ONUMA</Point>
      <Point>ISBIS</Point>
      <Point>YARII</Point>
      <Point>PABBA</Point>
      <Point>BEKPO</Point>
      <Point>DAKEX</Point>
      <Point>TATSU</Point>
      <Point>OGITU</Point>
      <Point>MAMID</Point>
      <Point>LENVO</Point>
      <Point>AGIMO</Point>
      <Point>MEVOL</Point>
      <Point>ENEOS</Point>
      <Point>HAILY</Point>
      <Point>YANAT</Point>
      <Point>HOKTO</Point>
      <Point>APOII</Point>
      <Point>SKIPE</Point>
      <Point>GNITS</Point>
      <Point>TAXUK</Point>
      <Point>SPIDR</Point>
      <Point>SEPCO</Point>
      <Point>KAMSA</Point>
      <Point>GEPPA</Point>
      <Point>NOMAS</Point>
      <Point>CELCA</Point>
      <Point>AKIAS</Point>
      <Point>KADBO</Point>
      <Point>EKUSA</Point>
      <Point>MAYVE</Point>
      <Point>YACKL</Point>
      <Point>ALUYO</Point>
      <Point>YUUPA</Point>
      <Point>GANEK</Point>
      <Point>BISIS</Point>
      <Point>ENTOK</Point>
      <Point>RYUKI</Point>
      <Point>MIKES</Point>
      <Point>AGIKA</Point>
      <Point>IGOBI</Point>
      <Point>ANDOL</Point>
    </Label>
  </Map>
</Maps>