﻿<?xml version="1.0" encoding="utf-8"?>
<Maps>
  <Map Type="System" Name="RJAF" Priority="0" Center="+36.166667+137.922778">
    <Runway Name="18_36">
      <Threshold Name="18" Position="+36.175658+137.920929" ExtendedCentrelineTrack="351" ExtendedCentrelineLength="5" ExtendedCentrelineTickInterval="2"/>
      <Threshold Name="36" Position="+36.157863+137.924405" ExtendedCentrelineTrack="171" ExtendedCentrelineLength="5" ExtendedCentrelineTickInterval="2"/>
    </Runway>
    <Symbol Type="HollowTriangle">
      <Point>HAPPO</Point>
      <Point>AF600</Point>
      <Point>AZUMI</Point>
      <Point>HOKUE</Point>
      <Point>RIPSI</Point>
      <Point>AF850</Point>
      <Point>PAPNA</Point>
      <Point>AF857</Point>
      <Point>AF658</Point>
    </Symbol>
    <Symbol Type="Hexagon">
      <Point>MBE</Point>
      <Point>GTC</Point>
      
    </Symbol>
    <Symbol Type="HollowSquare">
      <Point>MBE</Point>
      <Point>GTC</Point>
      
    </Symbol>
  </Map>
  <Map Type="System" Name="RJAF_LABEL" Priority="2" Center="+36.166667+137.922778">
    <Label>
      <Point>DOZEN</Point>
      <Point>DONDO</Point>
      <Point>NAKAU</Point>
      <Point>TIBRI</Point>
      <Point>OKUNI</Point>
      <Point>DISEN</Point>
      <Point>TSUNO</Point>
      <Point>SAIGO</Point>
      <Point>ASAJI</Point>
      <Point>NO850</Point>
      <Point>TAKHI</Point>
      <Point>NO650</Point>
      <Point>NO651</Point>
      <Point>JOUDO</Point>
      <Point>MBE</Point>
      <Point>GTC</Point>
    </Label>
  </Map>
</Maps>