﻿<?xml version="1.0" encoding="utf-8"?>
<Maps>
  <Map Type="System" Name="RJDT" Priority="0" Center="+34.285000+129.330556">
    <Runway Name="14_32">
      <Threshold Name="14" Position="+34.291046+129.323382" ExtendedCentrelineTrack="136" ExtendedCentrelineLength="5" ExtendedCentrelineTickInterval="2" />
      <Threshold Name="32" Position="+34.278720+129.337721" ExtendedCentrelineTrack="316" ExtendedCentrelineLength="5" ExtendedCentrelineTickInterval="2"/>
    </Runway>
    <Symbol Type="HollowTriangle">
      <Point>FRAIZ</Point>
      <Point>LAGER</Point>
      <Point>SIYAT</Point>
      <Point>OMDUK</Point>
      <Point>AGATA</Point>
      <Point>DT452</Point>
      <Point>DT451</Point>
      <Point>SARUI</Point>
      <Point>DT250</Point>
      <Point>DT200</Point>
    </Symbol>
    <Symbol Type="Hexagon">
      <Point>VCE</Point>
      <Point>IKE</Point>
    </Symbol>
    <Symbol Type="HollowSquare">
      <Point>VCE</Point>
      <Point>IKE</Point>
    </Symbol>
  </Map>
  <Map Type="System" Name="RJDT_LABEL" Priority="2" Center="+34.285000+129.330556">
    <Label>
      <Point>FRAIZ</Point>
      <Point>LAGER</Point>
      <Point>SIYAT</Point>
      <Point>OMDUK</Point>
      <Point>AGATA</Point>
      <Point>DT452</Point>
      <Point>DT451</Point>
      <Point>SARUI</Point>
      <Point>DT250</Point>
      <Point>DT200</Point>
      <Point>VCE</Point>
      <Point>IKE</Point>
    </Label>
  </Map>
</Maps>