﻿<?xml version="1.0" encoding="utf-8"?>
<Maps>
  <Map Type="System" Name="RJFC" Priority="0" Center="+30.385556+130.659167">
    <Runway Name="14_32">
      <Threshold Name="14" Position="+30.390261+130.653590" ExtendedCentrelineTrack="314" ExtendedCentrelineLength="5" ExtendedCentrelineTickInterval="2" />
      <Threshold Name="32" Position="+30.380870+130.664856" ExtendedCentrelineTrack="134" ExtendedCentrelineLength="5" ExtendedCentrelineTickInterval="2"/>
    </Runway>
    <Symbol Type="HollowTriangle">
      <Point>KOUKI</Point>
      <Point>AMMON</Point>
      <Point>CEDAR</Point>
      <Point>TOLOT</Point>
      <Point>ONSKE</Point>
      <Point>SOTMA</Point>
      <Point>PANRI</Point>
      <Point>IDIKO</Point>
      <Point>NOLIM</Point>  
    </Symbol>
    <Symbol Type="Hexagon">
      <Point>TGE</Point>
    </Symbol>
    <Symbol Type="HollowSquare">
      <Point>TGE</Point>
    </Symbol>
  </Map>
  <Map Type="System" Name="RJFC_LABEL" Priority="2" Center="+30.385556+130.659167">
    <Label>
      <Point>KOUKI</Point>
      <Point>AMMON</Point>
      <Point>CEDAR</Point>
      <Point>TOLOT</Point>
      <Point>ONSKE</Point>
      <Point>SOTMA</Point>
      <Point>PANRI</Point>
      <Point>IDIKO</Point>
      <Point>NOLIM</Point>    
      <Point>TGE</Point>
    </Label>
  </Map>
</Maps>