﻿<?xml version="1.0" encoding="utf-8"?>
<Maps>
  <Map Type="System" Name="RJNT" Priority="0" Center="+36.648333+137.187500">
    <Runway Name="02_20">
      <Threshold Name="02" Position="+36.639639+137.184768" ExtendedCentrelineTrack="194" ExtendedCentrelineLength="5" ExtendedCentrelineTickInterval="2"/>
      <Threshold Name="20" Position="+36.657206+137.190056" ExtendedCentrelineTrack="014" ExtendedCentrelineLength="5" ExtendedCentrelineTickInterval="2"/>
    </Runway>
    <Symbol Type="HollowTriangle">
      <Point>IKUJI</Point>
      <Point>HISUI</Point>
      <Point>NT001</Point>
      <Point>URUSI</Point>
      <Point>NANAO</Point>
      <Point>GENGE</Point>
      <Point>NOBEL</Point>
      <Point>MEDIC</Point>
      <Point>OYABE</Point>
      <Point>MANYO</Point>
      <Point>NT053</Point>
      <Point>NT050</Point>
      <Point>NT051</Point>
      <Point>NT052</Point>
      <Point>OHANA</Point>
    </Symbol>
    <Symbol Type="Hexagon">
      <Point>TOE</Point>
    </Symbol>
    <Symbol Type="HollowSquare">
      <Point>TOE</Point>
    </Symbol>
  </Map>
  <Map Type="System" Name="RJNT_LABEL" Priority="2" Center="+36.648333+137.187500">
    <Label>
      <Point>IKUJI</Point>
      <Point>HISUI</Point>
      <Point>NT001</Point>
      <Point>URUSI</Point>
      <Point>NANAO</Point>
      <Point>GENGE</Point>
      <Point>NOBEL</Point>
      <Point>MEDIC</Point>
      <Point>OYABE</Point>
      <Point>MANYO</Point>
      <Point>NT053</Point>
      <Point>NT050</Point>
      <Point>NT051</Point>
      <Point>NT052</Point>
      <Point>OHANA</Point>
      <Point>TOE</Point>
    </Label>
  </Map>
</Maps>