﻿<?xml version="1.0" encoding="utf-8"?>
<Maps>
  <Map Type="System" Name="RJSM_28" CustomColourName="ACA_MAP" Priority="0" Center="+40.703056+141.368333">
    <Runway Name="10_28">
      <Threshold Name="10" Position="+40.704438+141.350426"/>
      <Threshold Name="28" Position="+40.702015+141.386293" ExtendedCentrelineTrack="095" ExtendedCentrelineLength="21" ExtendedCentrelineTickInterval="2" />
    </Runway>
    <Symbol Type="HollowTriangle">
      <Point>KOSUI</Point>
      <Point>JYONA</Point>
      <Point>OLSAE</Point>
      <Point>SAMBO</Point>
      <Point>OMBOE</Point>
      <Point>SESEA</Point>
      <Point>SHOWA</Point>
      <Point>TAIKA</Point>
      <Point>REIWA</Point>
      <Point>DEVLS</Point>
      <Point>GABII</Point>
      <Point>SHOJU</Point>
      <Point>KUJII</Point>
      <Point>BITPY</Point>
    </Symbol>
    <Symbol Type="Hexagon">
      <Point>MIS</Point>
      <Point>HPE</Point>
      <Point>MQE</Point>    
    </Symbol>
    <Symbol Type="HollowSquare">
      <Point>MIS</Point>
      <Point>HPE</Point>
      <Point>MQE</Point>  
    </Symbol>
  </Map>
  <Map Type="System" Name="RJSM_28_LABEL" CustomColourName="ACA_MAP" Priority="2" Center="+40.703056+141.368333">
    <Label>
      <Point>KOSUI</Point>
      <Point>JYONA</Point>
      <Point>OLSAE</Point>
      <Point>SAMBO</Point>
      <Point>OMBOE</Point>
      <Point>SESEA</Point>
      <Point>SHOWA</Point>
      <Point>TAIKA</Point>
      <Point>REIWA</Point>
      <Point>DEVLS</Point>
      <Point>GABII</Point>
      <Point>SHOJU</Point>
      <Point>KUJII</Point>
      <Point>BITPY</Point>
      <Point>MIS</Point>
      <Point>HPE</Point>
      <Point>MQE</Point>
    </Label>
  </Map>
</Maps>