﻿<?xml version="1.0" encoding="utf-8"?>
<Maps>
  <Map Type="System" Name="RJCC_01" Priority="0" Center="+42.775278+141.692500">
    <Runway Name="01L_19R">
      <Threshold Name="01L" Position="+42.761645+141.692828" ExtendedCentrelineTrack="172" ExtendedCentrelineLength="21" ExtendedCentrelineTickInterval="2" />
      <Threshold Name="19R" Position="+42.788442+141.688098"/>
    </Runway>
    <Runway Name="01R_19L">
      <Threshold Name="01R" Position="+42.761988+141.696483" ExtendedCentrelineTrack="172" ExtendedCentrelineLength="21" ExtendedCentrelineTickInterval="2" />
      <Threshold Name="19L" Position="+42.788803+141.691737"/>
    </Runway>
    <Symbol Type="HollowTriangle">
      <Point>CC01T</Point>
      <Point>CC02T</Point>
      <Point>CC03T</Point>
      <Point>KUGIE</Point>
      <Point>POWAN</Point>
      <Point>ZALAR</Point>
      <Point>DALBI</Point>
      <Point>KURIS</Point>
      <Point>CC04T</Point>
      <Point>CC05T</Point>
      <Point>TOBBY</Point>
      <Point>NOHEY</Point>
      <Point>APIOS</Point>
      <Point>PANSY</Point>
      <Point>BUTOS</Point>
      <Point>CC01N</Point>
      <Point>CC02N</Point>
      <Point>CC03N</Point>
      <Point>CC01H</Point>
      <Point>REZOT</Point>
      <Point>TEKKO</Point>
      <Point>FUNKA</Point>
      <Point>SAVIT</Point>
      <Point>BOKSO</Point>
      <Point>RAKNO</Point>
      <Point>GUFFI</Point>
      <Point>YOSHA</Point>
      <Point>HOKKI</Point>
      <Point>BAMBI</Point>
      <Point>NAVER</Point>
      <Point>IDEMI</Point>
      <Point>YOTEI</Point>
      <Point>YOKOH</Point>
      <Point>YUKII</Point>
      <Point>MIREI</Point>
      <Point>TENSI</Point>
      <Point>YODAI</Point>
      <Point>YOSEI</Point>
    </Symbol>
    <Symbol Type="Hexagon">
      <Point>CHE</Point>
      <Point>HWE</Point>
      <Point>MKE</Point>
    </Symbol>
    <Symbol Type="HollowSquare">
      <Point>CHE</Point>
      <Point>HWE</Point>
      <Point>MKE</Point>
    </Symbol>
  </Map>
  <Map Type="System" Name="RJCC_01_LABEL" Priority="2" Center="+42.775278+141.692500">
    <Label>
      <Point>CC01T</Point>
      <Point>CC02T</Point>
      <Point>CC03T</Point>
      <Point>KUGIE</Point>
      <Point>POWAN</Point>
      <Point>ZALAR</Point>
      <Point>DALBI</Point>
      <Point>KURIS</Point>
      <Point>CC04T</Point>
      <Point>CC05T</Point>
      <Point>TOBBY</Point>
      <Point>NOHEY</Point>
      <Point>APIOS</Point>
      <Point>PANSY</Point>
      <Point>BUTOS</Point>
      <Point>CC01N</Point>
      <Point>CC02N</Point>
      <Point>CC03N</Point>
      <Point>CC01H</Point>
      <Point>REZOT</Point>
      <Point>TEKKO</Point>
      <Point>FUNKA</Point>
      <Point>SAVIT</Point>
      <Point>BOKSO</Point>
      <Point>RAKNO</Point>
      <Point>GUFFI</Point>
      <Point>YOSHA</Point>
      <Point>HOKKI</Point>
      <Point>BAMBI</Point>
      <Point>NAVER</Point>
      <Point>IDEMI</Point>
      <Point>YOTEI</Point>
      <Point>YOKOH</Point>
      <Point>YUKII</Point>
      <Point>MIREI</Point>
      <Point>TENSI</Point>
      <Point>YODAI</Point>
      <Point>YOSEI</Point>
      <Point>CHE</Point>
      <Point>HWE</Point>
      <Point>MKE</Point>
    </Label>
  </Map>
</Maps>