﻿<?xml version="1.0" encoding="utf-8"?>
<Maps>
  <Map Type="System" Name="RJCH_30" Priority="0" Center="+41.770000+140.821945">
    <Runway Name="12_30">
      <Threshold Name="12" Position="+41.774330+140.804885"/>
      <Threshold Name="30" Position="+41.765986+140.839239" ExtendedCentrelineTrack="108" ExtendedCentrelineLength="21" ExtendedCentrelineTickInterval="2" />
    </Runway>
    <Symbol Type="HollowTriangle">
      <Point>TAXIR</Point>
      <Point>YAKEI</Point>
      <Point>CHIYO</Point>
      <Point>OKTOL</Point>
      <Point>UPLOK</Point>
      <Point>EGURO</Point>
      <Point>SABIO</Point>
    </Symbol>
    <Symbol Type="Hexagon">
      <Point>HWE</Point>
      <Point>UWE</Point>
    </Symbol>
    <Symbol Type="HollowSquare">
      <Point>HWE</Point>
      <Point>UWE</Point>
    </Symbol>
  </Map>
  <Map Type="System" Name="RJCH_30_LABEL" Priority="2" Center="+41.770000+140.821945">
    <Label>
      <Point>TAXIR</Point>
      <Point>YAKEI</Point>
      <Point>CHIYO</Point>
      <Point>OKTOL</Point>
      <Point>UPLOK</Point>
      <Point>EGURO</Point>
      <Point>SABIO</Point>
      <Point>HWE</Point>
      <Point>UWE</Point>
    </Label>
  </Map>
</Maps>