﻿<?xml version="1.0" encoding="utf-8"?>
<Maps>
  <Map Type="System" Name="VORDME" Priority="0" Center="+353312.000+1394652.000">
    <Symbol Type="HollowSquare">
      <Point>AKE</Point>
      <Point>AME</Point>
      <Point>AWE</Point>
      <Point>CBE</Point>
      <Point>CHE</Point>
      <Point>DGC</Point>
      <Point>FKE</Point>
      <Point>FUE</Point>
      <Point>GTC</Point>
      <Point>HCE</Point>
      <Point>HGE</Point>
      <Point>HKC</Point>
      <Point>HME</Point>
      <Point>HPE</Point>
      <Point>HUC</Point>
      <Point>HWE</Point>
      <Point>IGE</Point>
      <Point>IKE</Point>
      <Point>IME</Point>
      <Point>ITE</Point>
      <Point>KAD</Point>
      <Point>KCC</Point>
      <Point>KCE</Point>
      <Point>KEC</Point>
      <Point>KGE</Point>
      <Point>KIE</Point>
      <Point>KME</Point>
      <Point>KRE</Point>
      <Point>KTE</Point>
      <Point>KUE</Point>
      <Point>KXC</Point>
      <Point>MBE</Point>
      <Point>MDE</Point>
      <Point>MIS</Point>
      <Point>MJC</Point>
      <Point>MKE</Point>
      <Point>MOE</Point>
      <Point>MQE</Point>
      <Point>MRE</Point>
      <Point>MVE</Point>
      <Point>MYE</Point>
      <Point>MZE</Point>
      <Point>NHC</Point>
      <Point>NKE</Point>
      <Point>NRE</Point>
      <Point>NSE</Point>
      <Point>NTE</Point>
      <Point>OBE</Point>
      <Point>ODE</Point>
      <Point>OIE</Point>
      <Point>OLE</Point>
      <Point>ONC</Point>
      <Point>ORE</Point>
      <Point>OSE</Point>
      <Point>OYE</Point>
      <Point>RSE</Point>
      <Point>SDE</Point>
      <Point>SGE</Point>
      <Point>SJE</Point>
      <Point>SPE</Point>
      <Point>SUC</Point>
      <Point>SWE</Point>
      <Point>SYE</Point>
      <Point>SZE</Point>
      <Point>TBE</Point>
      <Point>TCE</Point>
      <Point>TFE</Point>
      <Point>TGE</Point>
      <Point>TKE</Point>
      <Point>TOE</Point>
      <Point>TRE</Point>
      <Point>TSC</Point>
      <Point>UBE</Point>
      <Point>UWE</Point>
      <Point>VCE</Point>
      <Point>WKE</Point>
      <Point>XAC</Point>
      <Point>XZE</Point>
      <Point>YGE</Point>
      <Point>YKE</Point>
      <Point>YME</Point>
      <Point>YNE</Point>
      <Point>YOE</Point>
      <Point>YRE</Point>
      <Point>YSE</Point>
      <Point>YTE</Point>
    </Symbol>
    <Symbol Type="Hexagon">
      <Point>AKE</Point>
      <Point>AME</Point>
      <Point>AWE</Point>
      <Point>CBE</Point>
      <Point>CHE</Point>
      <Point>DGC</Point>
      <Point>FKE</Point>
      <Point>FUE</Point>
      <Point>GTC</Point>
      <Point>HCE</Point>
      <Point>HGE</Point>
      <Point>HKC</Point>
      <Point>HME</Point>
      <Point>HPE</Point>
      <Point>HUC</Point>
      <Point>HWE</Point>
      <Point>IGE</Point>
      <Point>IKE</Point>
      <Point>IME</Point>
      <Point>ITE</Point>
      <Point>KAD</Point>
      <Point>KCC</Point>
      <Point>KCE</Point>
      <Point>KEC</Point>
      <Point>KGE</Point>
      <Point>KIE</Point>
      <Point>KME</Point>
      <Point>KRE</Point>
      <Point>KTE</Point>
      <Point>KUE</Point>
      <Point>KXC</Point>
      <Point>MBE</Point>
      <Point>MDE</Point>
      <Point>MIS</Point>
      <Point>MJC</Point>
      <Point>MKE</Point>
      <Point>MOE</Point>
      <Point>MQE</Point>
      <Point>MRE</Point>
      <Point>MVE</Point>
      <Point>MYE</Point>
      <Point>MZE</Point>
      <Point>NHC</Point>
      <Point>NKE</Point>
      <Point>NRE</Point>
      <Point>NSE</Point>
      <Point>NTE</Point>
      <Point>OBE</Point>
      <Point>ODE</Point>
      <Point>OIE</Point>
      <Point>OLE</Point>
      <Point>ONC</Point>
      <Point>ORE</Point>
      <Point>OSE</Point>
      <Point>OYE</Point>
      <Point>RSE</Point>
      <Point>SDE</Point>
      <Point>SGE</Point>
      <Point>SJE</Point>
      <Point>SPE</Point>
      <Point>SUC</Point>
      <Point>SWE</Point>
      <Point>SYE</Point>
      <Point>SZE</Point>
      <Point>TBE</Point>
      <Point>TCE</Point>
      <Point>TFE</Point>
      <Point>TGE</Point>
      <Point>TKE</Point>
      <Point>TOE</Point>
      <Point>TRE</Point>
      <Point>TSC</Point>
      <Point>UBE</Point>
      <Point>UWE</Point>
      <Point>VCE</Point>
      <Point>WKE</Point>
      <Point>XAC</Point>
      <Point>XZE</Point>
      <Point>YGE</Point>
      <Point>YKE</Point>
      <Point>YME</Point>
      <Point>YNE</Point>
      <Point>YOE</Point>
      <Point>YRE</Point>
      <Point>YSE</Point>
      <Point>YTE</Point>
    </Symbol>
  </Map>
</Maps>