﻿<?xml version="1.0" encoding="utf-8"?>
<Maps>
  <Map Type="System" Name="RJBB_24" Priority="0" Center="+34.434167+135.232778">
    <Runway Name="06R_24L">
      <Threshold Name="06R" Position="+34.417386+135.229262"/>
      <Threshold Name="24L" Position="+34.437231+135.258859" ExtendedCentrelineTrack="051" ExtendedCentrelineLength="11" ExtendedCentrelineTickInterval="2"/>
    </Runway>
    <Runway Name="06L_24R">
      <Threshold Name="06L" Position="+34.428571+135.206203"/>
      <Threshold Name="24R" Position="+34.451256+135.240030" ExtendedCentrelineTrack="051" ExtendedCentrelineLength="11" ExtendedCentrelineTickInterval="2"/>
    </Runway>
    <Symbol Type="HollowTriangle">
      <Point>B4L10</Point>
      <Point>BB430</Point>
      <Point>DAISY</Point>
      <Point>JULIA</Point>
      <Point>LINDA</Point>
      <Point>GLORY</Point>
      <Point>HIBIS</Point>
      <Point>MAIKO</Point>
      <Point>KAWAT</Point>
      <Point>AYAYA</Point>
      <Point>CHIZU</Point>
      <Point>YME</Point>
      <Point>WENDY</Point>
      <Point>SHION</Point>
      <Point>SOUJA</Point>
      <Point>WASYU</Point>
      <Point>HABAR</Point>
      <Point>HELEN</Point>
      <Point>B4R20</Point>
      <Point>ISPUM</Point>
      <Point>NARAH</Point>
      <Point>YAGYU</Point>
      <Point>SHTLE</Point>
      <Point>UENOH</Point>
      <Point>GUJYO</Point>
      <Point>BB440</Point>
      <Point>YOMOH</Point>
      <Point>GOBOH</Point>
      <Point>ODORI</Point>
      <Point>YOSAK</Point>
      <Point>NANKO</Point>
      <Point>OGURA</Point>
      <Point>KYOTO</Point>
      <Point>SIGAK</Point>
      <Point>B4L30</Point>
      <Point>TOMOH</Point>
      <Point>DIODE</Point>
      <Point>AKASI</Point>
      <Point>MAYAH</Point>
      <Point>ALISA</Point>
      <Point>TANTA</Point>
      <Point>SAEKI</Point>
      <Point>AWAJI</Point>
      <Point>LILAC</Point>
      <Point>NALTO</Point>
      <Point>CANDY</Point>
      <Point>BECKY</Point>
      <Point>EVERT</Point>
      <Point>KARIN</Point>
      <Point>EVIAN</Point>
      <Point>ASAMI</Point>
      <Point>BAGLE</Point>
      <Point>DATIS</Point>
      <Point>HAMAR</Point>
      <Point>RANDY</Point>
      <Point>BERTH</Point>
      <Point>SINGU</Point>
      <Point>DANDE</Point>
      <Point>JOLLY</Point>
      <Point>GATES</Point>
      <Point>DINAH</Point>
      <Point>ISAAC</Point>
      <Point>OHDAI</Point>
      <Point>JILKY</Point>
      <Point>KALOO</Point>
      <Point>LOOFA</Point>
      <Point>BB450</Point>
      <Point>BB451</Point>
      <Point>BB452</Point>
      <Point>BEIGE</Point>
      <Point>AMBER</Point>
      <Point>AMEZY</Point>
      <Point>BEBIL</Point> 
    </Symbol>
    <Symbol Type="Hexagon">
      <Point>KIE</Point>
      <Point>YME</Point>
      <Point>OYE</Point>
      <Point>KTE</Point>
      <Point>KCC</Point>
      <Point>KEC</Point>
      <Point>KRE</Point>
      <Point>TSC</Point>
    </Symbol>
    <Symbol Type="HollowSquare">
      <Point>KIE</Point>
      <Point>YME</Point>
      <Point>OYE</Point>
      <Point>KTE</Point>
      <Point>KCC</Point>
      <Point>KEC</Point>
      <Point>KRE</Point>
      <Point>TSC</Point>
    </Symbol>
  </Map>
  <Map Type="System" Name="RJBB_24_LABEL" Priority="2" Center="+34.434167+135.232778">
    <Label>
      <Point>B4L10</Point>
      <Point>BB430</Point>
      <Point>DAISY</Point>
      <Point>JULIA</Point>
      <Point>LINDA</Point>
      <Point>GLORY</Point>
      <Point>HIBIS</Point>
      <Point>MAIKO</Point>
      <Point>KAWAT</Point>
      <Point>AYAYA</Point>
      <Point>CHIZU</Point>
      <Point>YME</Point>
      <Point>WENDY</Point>
      <Point>SHION</Point>
      <Point>SOUJA</Point>
      <Point>WASYU</Point>
      <Point>HABAR</Point>
      <Point>HELEN</Point>
      <Point>B4R20</Point>
      <Point>ISPUM</Point>
      <Point>NARAH</Point>
      <Point>YAGYU</Point>
      <Point>SHTLE</Point>
      <Point>UENOH</Point>
      <Point>GUJYO</Point>
      <Point>BB440</Point>
      <Point>YOMOH</Point>
      <Point>GOBOH</Point>
      <Point>ODORI</Point>
      <Point>YOSAK</Point>
      <Point>NANKO</Point>
      <Point>OGURA</Point>
      <Point>KYOTO</Point>
      <Point>SIGAK</Point>
      <Point>B4L30</Point>
      <Point>TOMOH</Point>
      <Point>DIODE</Point>
      <Point>AKASI</Point>
      <Point>MAYAH</Point>
      <Point>ALISA</Point>
      <Point>TANTA</Point>
      <Point>SAEKI</Point>
      <Point>AWAJI</Point>
      <Point>LILAC</Point>
      <Point>NALTO</Point>
      <Point>CANDY</Point>
      <Point>BECKY</Point>
      <Point>EVERT</Point>
      <Point>KARIN</Point>
      <Point>EVIAN</Point>
      <Point>ASAMI</Point>
      <Point>BAGLE</Point>
      <Point>DATIS</Point>
      <Point>HAMAR</Point>
      <Point>RANDY</Point>
      <Point>BERTH</Point>
      <Point>SINGU</Point>
      <Point>DANDE</Point>
      <Point>JOLLY</Point>
      <Point>GATES</Point>
      <Point>DINAH</Point>
      <Point>ISAAC</Point>
      <Point>OHDAI</Point>
      <Point>JILKY</Point>
      <Point>KALOO</Point>
      <Point>LOOFA</Point>
      <Point>BB450</Point>
      <Point>BB451</Point>
      <Point>BB452</Point>
      <Point>BEIGE</Point>
      <Point>AMBER</Point>
      <Point>AMEZY</Point>
      <Point>BEBIL</Point>  
      <Point>KIE</Point>
      <Point>YME</Point>
      <Point>OYE</Point>
      <Point>KTE</Point>
      <Point>KCC</Point>
      <Point>KEC</Point>
      <Point>KRE</Point>
      <Point>TSC</Point>
    </Label>
  </Map>
</Maps>