﻿<?xml version="1.0" encoding="utf-8"?>
<Maps>
  <Map Type="System" Name="RJBB_06" CustomColourName="ACA_MAP" Priority="0" Center="+34.434167+135.232778">
    <Runway Name="06R_24L">
      <Threshold Name="06R" Position="+34.417386+135.229262" ExtendedCentrelineTrack="231" ExtendedCentrelineLength="21" ExtendedCentrelineTickInterval="2" />
      <Threshold Name="24L" Position="+34.437231+135.258859"/>
    </Runway>
    <Runway Name="06L_24R">
      <Threshold Name="06L" Position="+34.428571+135.206203" ExtendedCentrelineTrack="231" ExtendedCentrelineLength="21" ExtendedCentrelineTickInterval="2" />
      <Threshold Name="24R" Position="+34.451256+135.240030"/>
    </Runway>
    <Symbol Type="HollowTriangle">
      <Point>B6R10</Point>
      <Point>B6R11</Point>
      <Point>B6R12</Point>
      <Point>DAISY</Point>
      <Point>JULIA</Point>
      <Point>LINDA</Point>
      <Point>GLORY</Point>
      <Point>HIBIS</Point>
      <Point>HELEN</Point>
      <Point>MAIKO</Point>
      <Point>KAWAT</Point>
      <Point>AYAYA</Point>
      <Point>CHIZU</Point>
      <Point>WENDY</Point>
      <Point>SHION</Point>
      <Point>SOUJA</Point>
      <Point>WASYU</Point>
      <Point>HABAR</Point>
      <Point>B6R13</Point>
      <Point>B6L20</Point>
      <Point>ISPUM</Point>
      <Point>NARAH</Point>
      <Point>UENOH</Point>
      <Point>GUJYO</Point>
      <Point>YAGYU</Point>
      <Point>SHTLE</Point>
      <Point>NANKO</Point>
      <Point>OGURA</Point>
      <Point>KYOTA</Point>
      <Point>SIGAK</Point>
      <Point>B6R14</Point>
      <Point>BB430</Point>
      <Point>TOMOH</Point>
      <Point>GOBOH</Point>
      <Point>TONDA</Point>
      <Point>ODORI</Point>
      <Point>YOSAK</Point>
      <Point>DIODE</Point>
      <Point>SAEKI</Point>
      <Point>ALISA</Point>
      <Point>TANTA</Point>
      <Point>NALTO</Point>
      <Point>ASAMI</Point>
      <Point>BAGLE</Point>
      <Point>BERRY</Point>
      <Point>ALLAN</Point>
      <Point>DATIS</Point>
      <Point>CANDY</Point>
      <Point>EVERT</Point>
      <Point>EVIAN</Point>
      <Point>BECKY</Point>
      <Point>KARIN</Point>
      <Point>EBONY</Point>
      <Point>DOGGY</Point>
      <Point>CEYLN</Point>
      <Point>BURTN</Point>
      <Point>ALVIS</Point>
      <Point>RANDY</Point>
      <Point>BERTH</Point>
      <Point>SINGU</Point>
      <Point>DANDE</Point>
      <Point>JOLLY</Point>
      <Point>DINAH</Point>
      <Point>GATES</Point>
      <Point>PILIV</Point>
      <Point>BOLAL</Point>
      <Point>ZOHRA</Point>
      <Point>JANDY</Point>   
    </Symbol>
    <Symbol Type="Hexagon">
      <Point>KIE</Point>
      <Point>YME</Point>
      <Point>OYE</Point>
      <Point>KTE</Point>
      <Point>KCC</Point>
      <Point>KEC</Point>
      <Point>KRE</Point>
      <Point>TSC</Point>
    </Symbol>
    <Symbol Type="HollowSquare">
      <Point>KIE</Point>
      <Point>YME</Point>
      <Point>OYE</Point>
      <Point>KTE</Point>
      <Point>KCC</Point>
      <Point>KEC</Point>
      <Point>KRE</Point>
      <Point>TSC</Point>
    </Symbol>
  </Map>
  <Map Type="System" Name="RJBB_06_LABEL" Priority="2" Center="+34.434167+135.232778">
    <Label>
      <Point>B6R10</Point>
      <Point>B6R11</Point>
      <Point>B6R12</Point>
      <Point>DAISY</Point>
      <Point>JULIA</Point>
      <Point>LINDA</Point>
      <Point>GLORY</Point>
      <Point>HIBIS</Point>
      <Point>HELEN</Point>
      <Point>MAIKO</Point>
      <Point>KAWAT</Point>
      <Point>AYAYA</Point>
      <Point>CHIZU</Point>
      <Point>WENDY</Point>
      <Point>SHION</Point>
      <Point>SOUJA</Point>
      <Point>WASYU</Point>
      <Point>HABAR</Point>
      <Point>B6R13</Point>
      <Point>B6L20</Point>
      <Point>ISPUM</Point>
      <Point>NARAH</Point>
      <Point>UENOH</Point>
      <Point>GUJYO</Point>
      <Point>YAGYU</Point>
      <Point>SHTLE</Point>
      <Point>NANKO</Point>
      <Point>OGURA</Point>
      <Point>KYOTA</Point>
      <Point>SIGAK</Point>
      <Point>B6R14</Point>
      <Point>BB430</Point>
      <Point>TOMOH</Point>
      <Point>GOBOH</Point>
      <Point>TONDA</Point>
      <Point>ODORI</Point>
      <Point>YOSAK</Point>
      <Point>DIODE</Point>
      <Point>SAEKI</Point>
      <Point>ALISA</Point>
      <Point>TANTA</Point>
      <Point>NALTO</Point>
      <Point>ASAMI</Point>
      <Point>BAGLE</Point>
      <Point>BERRY</Point>
      <Point>ALLAN</Point>
      <Point>DATIS</Point>
      <Point>CANDY</Point>
      <Point>EVERT</Point>
      <Point>EVIAN</Point>
      <Point>BECKY</Point>
      <Point>KARIN</Point>
      <Point>EBONY</Point>
      <Point>DOGGY</Point>
      <Point>CEYLN</Point>
      <Point>BURTN</Point>
      <Point>ALVIS</Point>
      <Point>RANDY</Point>
      <Point>BERTH</Point>
      <Point>SINGU</Point>
      <Point>DANDE</Point>
      <Point>JOLLY</Point>
      <Point>DINAH</Point>
      <Point>GATES</Point>
      <Point>PILIV</Point>
      <Point>BOLAL</Point>
      <Point>ZOHRA</Point>
      <Point>JANDY</Point>   
      <Point>KIE</Point>
      <Point>YME</Point>
      <Point>OYE</Point>
      <Point>KTE</Point>
      <Point>KCC</Point>
      <Point>KEC</Point>
      <Point>KRE</Point>
      <Point>TSC</Point>
    </Label>
  </Map>
</Maps>