﻿<?xml version="1.0" encoding="utf-8"?>
<Maps>
  <Map Type="System" Name="RJFO_01" CustomColourName="ACA_MAP" Priority="0" Center="+33.479445+131.737222">
    <Runway Name="01_19">
      <Threshold Name="01" Position="+33.465965+131.737011" ExtendedCentrelineTrack="180" ExtendedCentrelineLength="21" ExtendedCentrelineTickInterval="2"/>
      <Threshold Name="19" Position="+33.493026+131.737238"/>
    </Runway>
    <Symbol Type="HollowTriangle">
        <Point>YANAI</Point>
        <Point>FUSHA</Point>
        <Point>DONAR</Point>
        <Point>SALTY</Point>
        <Point>FIATO</Point>
        <Point>SPIDE</Point>
        <Point>TACHI</Point>
        <Point>OOITA</Point>
        <Point>LUISU</Point>
        <Point>FO162</Point>
        <Point>FO161</Point>
        <Point>TANSO</Point>
        <Point>SELEN</Point>
        <Point>METAL</Point>
        <Point>HOVER</Point>
        <Point>SONIC</Point>
        <Point>JEWEL</Point>
        <Point>SQRUM</Point>
    </Symbol>
    <Symbol Type="Hexagon">
        <Point>TFE</Point>
        <Point>MYE</Point>
        <Point>SUC</Point>      
    </Symbol>
    <Symbol Type="HollowSquare">
        <Point>TFE</Point>
        <Point>MYE</Point>
        <Point>SUC</Point>     
    </Symbol>
  </Map>
  <Map Type="System" Name="RJFO_01_LABEL" CustomColourName="ACA_MAP" Priority="2" Center="+33.479445+131.737222">
    <Label>
        <Point>YANAI</Point>
        <Point>FUSHA</Point>
        <Point>DONAR</Point>
        <Point>SALTY</Point>
        <Point>FIATO</Point>
        <Point>SPIDE</Point>
        <Point>TACHI</Point>
        <Point>OOITA</Point>
        <Point>LUISU</Point>
        <Point>FO162</Point>
        <Point>FO161</Point>
        <Point>TANSO</Point>
        <Point>SELEN</Point>
        <Point>METAL</Point>
        <Point>HOVER</Point>
        <Point>SONIC</Point>
        <Point>JEWEL</Point>
        <Point>SQRUM</Point>
        <Point>TFE</Point>
        <Point>MYE</Point>
        <Point>SUC</Point>   
    </Label>
  </Map>
</Maps>