﻿<?xml version="1.0" encoding="utf-8"?>
<Maps>
  <Map Type="System" Name="RJTA" CustomColourName="ACA_MAP" Priority="0" Center="+35.454722+139.450000">
    <Runway Name="01_19">
      <Threshold Name="01" Position="+35.443646+139.450305" ExtendedCentrelineTrack="359" ExtendedCentrelineLength="21" ExtendedCentrelineTickInterval="2" />
      <Threshold Name="19" Position="+35.465623+139.449906" ExtendedCentrelineTrack="179" ExtendedCentrelineLength="5" ExtendedCentrelineTickInterval="2"/>
    </Runway>
    <Symbol Type="HollowTriangle">
        <Point>HATSU</Point>
        <Point>ZUSHI</Point>
        <Point>SYONA</Point>
        <Point>RUMED</Point>
        <Point>PUKUK</Point>
        <Point>ADKET</Point>
    </Symbol>
    <Symbol Type="Hexagon">
        <Point>YOK</Point>
        <Point>NJA</Point>
    </Symbol>
    <Symbol Type="HollowSquare">
        <Point>YOK</Point>
        <Point>NJA</Point>
    </Symbol>
  </Map>
  <Map Type="System" Name="RJTA_LABEL" CustomColourName="ACA_MAP" Priority="2" Center="+35.454722+139.450000">
    <Label>
        <Point>HATSU</Point>
        <Point>ZUSHI</Point>
        <Point>SYONA</Point>
        <Point>RUMED</Point>
        <Point>PUKUK</Point>
        <Point>ADKET</Point>
        <Point>YOK</Point>
        <Point>NJA</Point>
    </Label>
  </Map>
</Maps>