﻿<?xml version="1.0" encoding="utf-8"?>
<Maps>
  <Map Type="System" Name="RJTC" CustomColourName="ACA_MAP" Priority="0" Center="+35.710833+139.403056">
    <Runway Name="01_19">
      <Threshold Name="01" Position="+35.706689+139.403221" ExtendedCentrelineTrack="339" ExtendedCentrelineLength="5" ExtendedCentrelineTickInterval="2" />
      <Threshold Name="19" Position="+35.714803+139.403280" ExtendedCentrelineTrack="159" ExtendedCentrelineLength="5" ExtendedCentrelineTickInterval="2"/>
    </Runway>
    <Symbol Type="HollowTriangle">
        <Point>EDARR</Point>
        <Point>OMIYA</Point>
        <Point>HALHI</Point>
    </Symbol>
    <Symbol Type="Hexagon">
        <Point>TNT</Point>
    </Symbol>
    <Symbol Type="HollowSquare">
        <Point>TNT</Point>
    </Symbol>
  </Map>
  <Map Type="System" Name="RJTC_LABEL" CustomColourName="ACA_MAP" Priority="2" Center="+35.710833+139.403056">
    <Label>
        <Point>OMIYA</Point>
        <Point>OGAWA</Point>
        <Point>KANAI</Point>
        <Point>TNT</Point>
    </Label>
  </Map>
</Maps>