﻿<?xml version="1.0" encoding="utf-8"?>
<Maps>
  <Map Type="System" Name="RJFF_34" Priority="0" Center="+33.584445+130.451667">
    <Runway Name="16_34">
      <Threshold Name="16" Position="+33.596904+130.443193"/>
      <Threshold Name="34" Position="+33.574965+130.458192" ExtendedCentrelineTrack="150" ExtendedCentrelineLength="21" ExtendedCentrelineTickInterval="2"/>
    </Runway>
    <Symbol Type="HollowTriangle">
      <Point>YURRU</Point>
      <Point>YAMEK</Point>
      <Point>BRUIN</Point>
      <Point>OMUTA</Point>
      <Point>DAIZE</Point>
      <Point>YAMGA</Point>
      <Point>KEIKA</Point>
      <Point>IPUDO</Point>
      <Point>AJISE</Point>
      <Point>OGUNI</Point>
      <Point>MIZMA</Point>
      <Point>ABECK</Point>
      <Point>YOKAT</Point>
      <Point>AMAGA</Point>
      <Point>HOSEN</Point>
      <Point>RUISA</Point>
      <Point>SABAR</Point>
      <Point>KOHZA</Point>
      <Point>BRAID</Point>
      <Point>MARCO</Point>
      <Point>SALTY</Point>
      <Point>LUFFY</Point>
      <Point>CHOPP</Point>
      <Point>SANJI</Point>
      <Point>YANKS</Point>
      <Point>SPIDE</Point>
      <Point>ORONN</Point>
      <Point>NOKOH</Point>
      <Point>BEAMA</Point>
      <Point>SOFTO</Point>
      <Point>HAWKS</Point>
      <Point>DAZAI</Point>
      <Point>ITODA</Point>
      <Point>OSTEP</Point>
      <Point>HONOK</Point>
      <Point>AMAOH</Point>
      <Point>UGOLU</Point>
      <Point>BANKU</Point>
      <Point>KIRIN</Point>
      <Point>KAHOC</Point>
      <Point>LAGER</Point>
      <Point>KEYAH</Point>
      <Point>ISKUP</Point>
      <Point>EBISU</Point>
      <Point>KAFRI</Point>
      <Point>FF401</Point>
      <Point>FF402</Point>
      <Point>FF403</Point>
      <Point>FF405</Point>
      <Point>FF404</Point>
      <Point>STOUT</Point>
      <Point>RISRU</Point>      
      <Point>CARRY</Point>      
      <Point>ZAKRO</Point>        
      <Point>FRAIZ</Point>        
      <Point>OLVIN</Point>        
      <Point>GUSPA</Point>   
    </Symbol>
    <Symbol Type="Hexagon">
      <Point>DGC</Point>
      <Point>IKE</Point>
      <Point>SGE</Point>
      <Point>KUE</Point>
      <Point>HKC</Point>
      <Point>TFE</Point>
      <Point>MYE</Point>
    </Symbol>
    <Symbol Type="HollowSquare">
      <Point>DGC</Point>
      <Point>IKE</Point>
      <Point>SGE</Point>
      <Point>KUE</Point>
      <Point>HKC</Point>
      <Point>TFE</Point>
      <Point>MYE</Point>
    </Symbol>
  </Map>
  <Map Type="System" Name="RJFF_34_LABEL" Priority="2" Center="+33.584445+130.451667">
    <Label>
      <Point>YURRU</Point>
      <Point>YAMEK</Point>
      <Point>BRUIN</Point>
      <Point>OMUTA</Point>
      <Point>DAIZE</Point>
      <Point>YAMGA</Point>
      <Point>KEIKA</Point>
      <Point>IPUDO</Point>
      <Point>AJISE</Point>
      <Point>OGUNI</Point>
      <Point>MIZMA</Point>
      <Point>ABECK</Point>
      <Point>YOKAT</Point>
      <Point>AMAGA</Point>
      <Point>HOSEN</Point>
      <Point>RUISA</Point>
      <Point>SABAR</Point>
      <Point>KOHZA</Point>
      <Point>BRAID</Point>
      <Point>MARCO</Point>
      <Point>SALTY</Point>
      <Point>LUFFY</Point>
      <Point>CHOPP</Point>
      <Point>SANJI</Point>
      <Point>YANKS</Point>
      <Point>SPIDE</Point>
      <Point>ORONN</Point>
      <Point>NOKOH</Point>
      <Point>BEAMA</Point>
      <Point>SOFTO</Point>
      <Point>HAWKS</Point>
      <Point>DAZAI</Point>
      <Point>ITODA</Point>
      <Point>OSTEP</Point>
      <Point>HONOK</Point>
      <Point>AMAOH</Point>
      <Point>UGOLU</Point>
      <Point>BANKU</Point>
      <Point>KIRIN</Point>
      <Point>KAHOC</Point>
      <Point>LAGER</Point>
      <Point>KEYAH</Point>
      <Point>ISKUP</Point>
      <Point>EBISU</Point>
      <Point>KAFRI</Point>
      <Point>FF401</Point>
      <Point>FF402</Point>
      <Point>FF403</Point>
      <Point>FF405</Point>
      <Point>FF404</Point>
      <Point>DGC</Point>
      <Point>IKE</Point>
      <Point>SGE</Point>
      <Point>KUE</Point>
      <Point>HKC</Point>
      <Point>TFE</Point>
      <Point>MYE</Point>
      <Point>STOUT</Point>
      <Point>RISRU</Point>      
      <Point>CARRY</Point>      
      <Point>ZAKRO</Point>        
      <Point>FRAIZ</Point>        
      <Point>OLVIN</Point>        
      <Point>GUSPA</Point>   
    </Label>
  </Map>
</Maps>