<?xml version="1.0" encoding="utf-8"?>
<DefaultJurisdiction>
  <RuleSets>
    <RuleSet Name="RJSN_DEPS">
      <Rules>
        <Departure Values="RJSN">
          <Rules>
            <Default>
              <AssignSector Order="SN DEP,SN APP,N43,BG W"/>
            </Default>
          </Rules>
        </Departure>
      </Rules>
    </RuleSet>
    <RuleSet Name="YBAF_DEPS">
      <Rules>
        <Departure Values="YBAF">
          <Rules>
            <Route Values="BN,YBBN">
              <AssignSector Order="BAN,BAS,BDN,BDS" />
            </Route>
            <Default>
              <AssignSector Order="BDN,BDS,BAN,BAS"/>
            </Default>
          </Rules>
        </Departure>
      </Rules>
    </RuleSet>
    <RuleSet Name="YBAS_DEPS">
      <Rules>
        <Departure Values="YBAS">
          <Rules>
            <Default>
              <AssignSector Order="AS ADC,ASP"/>
            </Default>
          </Rules>
        </Departure>
      </Rules>
    </RuleSet>
    <RuleSet Name="YBBN_DEPS">
      <Rules>
        <Departure Values="YBBN">
          <Rules>
            <Runway Values="19L">
              <Rules>
                <Default>
                  <AssignSector Order="BDS,BDN,BAS,BAN"/>
                </Default>
              </Rules>
            </Runway>
            <Runway Values="19R">
              <Rules>
                <Default>
                  <AssignSector Order="BDN,BDS,BAN,BAS"/>
                </Default>
              </Rules>
            </Runway>
            <Runway Values="01L">
              <Rules>
                <Default>
                  <AssignSector Order="BDN,BDS,BAN,BAS" />
                </Default>
              </Rules>
            </Runway>
            <Runway Values="01R">
              <Rules>
                <Default>
                  <AssignSector Order="BDS,BDN,BAS,BAN" />
                </Default>
              </Rules>
            </Runway>
          </Rules>
        </Departure>
      </Rules>
    </RuleSet>
      <RuleSet Name="YBCG_DEPS">
      <Rules>
        <Departure Values="YBCG">
          <Rules>
            <Default>
              <AssignSector Order="BAC,BAS,BDS,BDN,BAN,GOL"/>
            </Default>
          </Rules>
        </Departure>
      </Rules>
    </RuleSet>
    <RuleSet Name="YBCS_DEPS">
      <Rules>
        <Departure Values="YBCS">
          <Rules>
            <Default>
              <AssignSector Order="CS1,CS2"/>
            </Default>
          </Rules>
        </Departure>
      </Rules>
    </RuleSet>
    <RuleSet Name="YBHM_DEPS">
      <Rules>
        <Departure Values="YBHM">
          <Rules>
            <Default>
              <AssignSector Order="HM ADC,SWY"/>
            </Default>
          </Rules>
        </Departure>
      </Rules>
    </RuleSet>
    <RuleSet Name="YBMK_DEPS">
      <Rules>
        <Departure Values="YBMK">
          <Rules>
            <Default>
              <AssignSector Order="MK ADC,MKA,SWY"/>
            </Default>
          </Rules>
        </Departure>
      </Rules>
    </RuleSet>
    <RuleSet Name="YBOK_DEPS">
      <Rules>
        <Departure Values="YBOK">
          <Rules>
            <Default>
              <AssignSector Order="OKA,DOS"/>
            </Default>
          </Rules>
        </Departure>
      </Rules>
    </RuleSet>
    <RuleSet Name="YBRK_DEPS">
      <Rules>
        <Departure Values="YBRK">
          <Rules>
            <Default>
              <AssignSector Order="RK ADC,RKA,KPL"/>
            </Default>
          </Rules>
        </Departure>
      </Rules>
    </RuleSet>
    <RuleSet Name="YBRM_DEPS">
      <Rules>
        <Departure Values="YBRM">
          <Rules>
            <Default>
              <AssignSector Order="BRM ADC,KIY"/>
            </Default>
          </Rules>
        </Departure>
      </Rules>
    </RuleSet>
    <RuleSet Name="YBSU_DEPS">
      <Rules>
        <Departure Values="YBSU">
          <Rules>
            <Default>
              <AssignSector Order="NSA"/>
            </Default>
          </Rules>
        </Departure>
      </Rules>
    </RuleSet>
    <RuleSet Name="YBTL_DEPS">
      <Rules>
        <Departure Values="YBTL">
          <Rules>
            <Default>
              <AssignSector Order="TLA,TBP"/>
            </Default>
          </Rules>
        </Departure>
      </Rules>
    </RuleSet>
    <RuleSet Name="YCFS_DEPS">
      <Rules>
        <Departure Values="YCFS">
          <Rules>
            <Default>
              <AssignSector Order="CFS ADC,INL"/>
            </Default>
          </Rules>
        </Departure>
      </Rules>
    </RuleSet>
    <RuleSet Name="YGIG_DEPS">
      <Rules>
        <Departure Values="YGIG">
          <Rules>
            <Default>
              <AssignSector Order="PEA,PHD,PHA"/>
            </Default>
          </Rules>
        </Departure>
      </Rules>
    </RuleSet>
    <RuleSet Name="YMAV_DEPS">
      <Rules>
        <Departure Values="YMAV">
          <Rules>
            <Default>
              <AssignSector Order="MDS,MAE,ELW"/>
            </Default>
          </Rules>
        </Departure>
      </Rules>
    </RuleSet>
    <RuleSet Name="YMAY_DEPS">
      <Rules>
        <Departure Values="YMAY">
          <Rules>
            <Default>
              <AssignSector Order="AY ADC,BLA"/>
            </Default>
          </Rules>
        </Departure>
      </Rules>
    </RuleSet>
    <RuleSet Name="YMEN_DEPS">
      <Rules>
        <Departure Values="YMEN">
          <Rules>
            <Default>
              <AssignSector Order="MAE"/>
            </Default>
          </Rules>
        </Departure>
      </Rules>
    </RuleSet>
    <RuleSet Name="YMES_DEPS">
      <Rules>
        <Departure Values="YMES">
          <Rules>
            <Default>
              <AssignSector Order="ESA,WON"/>
            </Default>
          </Rules>
        </Departure>
      </Rules>
    </RuleSet>
    <RuleSet Name="YMLT_DEPS">
      <Rules>
        <Departure Values="YMLT">
          <Rules>
            <Default>
              <AssignSector Order="LTA,HUO"/>
            </Default>
          </Rules>
        </Departure>
      </Rules>
    </RuleSet>
    <RuleSet Name="YMHB_DEPS">
      <Rules>
        <Departure Values="YMHB">
          <Rules>
            <Default>
              <AssignSector Order="HBA,HUO"/>
            </Default>
          </Rules>
        </Departure>
      </Rules>
    </RuleSet>
    <RuleSet Name="YMMB_DEPS">
      <Rules>
        <Departure Values="YMMB">
          <Rules>
            <Default>
              <AssignSector Order="MDS"/>
            </Default>
          </Rules>
        </Departure>
      </Rules>
    </RuleSet>
    <RuleSet Name="YMML_DEPS">
      <Rules>
        <Departure Values="YMML">
          <Rules>
            <Runway Values="27,34">
              <Rules>
                <Route Values="DOSEL, MNG VOR, OWENS, KEPPA, NEVIS">
                  <AssignSector Order="MDN,MDS,MAE"/>
                </Route>
                <Route Values="AV VOR, ESDEN, MB NDB, ESDIG, SUNTI, CORRS, CRENA">
                  <AssignSector Order="MDS,MDN,MAE"/>
                </Route>
              </Rules>
            </Runway>
            <Runway Values="16">
              <Rules>
                <Route Values="AV VOR, DOSEL, MNG VOR, OWENS, KEPPA, ESDIG, CRENA, NEVIS">
                  <AssignSector Order="MDN,MDS,MAE"/>
                </Route>
                <Route Values="ESDEN, MB NDB, SUNTI, CORRS">
                  <AssignSector Order="MDS,MDN,MAE"/>
                </Route>
              </Rules>
            </Runway>
            <Default>
              <AssignSector Order="MDN,MDS,MAE"/>
            </Default>
          </Rules>
        </Departure>
      </Rules>
    </RuleSet>
    <RuleSet Name="YPAD_DEPS">
      <Rules>
        <Departure Values="YPAD">
          <Rules>
            <Runway Values="30">
              <AssignSector Order="AAW" />
            </Runway>
            <Runway Values="12">
              <AssignSector Order="AAE,AAW" />
            </Runway>
            <Route Values="BENDO, SEDAN, ALBUT, PANKI">
              <AssignSector Order="AAE,AAW" />
            </Route>
            <Route Values="EEMUE, YORKE, HAWKY, WAKEN, ORBUN, VILAD, GILES">
              <AssignSector Order="AAW"/>
            </Route>
            <Default>
              <AssignSector Order="AAW"/>
            </Default>
          </Rules>
        </Departure>
      </Rules>
    </RuleSet>
    <RuleSet Name="YPDN_DEPS">
      <Rules>
        <Departure Values="YPDN">
          <Rules>
            <Default>
              <AssignSector Order="DAE,DAW,TRT"/>
            </Default>
          </Rules>
        </Departure>
      </Rules>
    </RuleSet>
    <RuleSet Name="YPEA_DEPS">
      <Rules>
        <Departure Values="YPEA">
          <Rules>
            <Default>
              <AssignSector Order="PEA,PHD,PHA"/>
            </Default>
          </Rules>
        </Departure>
      </Rules>
    </RuleSet>
    <RuleSet Name="YPED_DEPS">
      <Rules>
        <Departure Values="YPED">
          <Rules>
            <Default>
              <AssignSector Order="AAW"/>
            </Default>
          </Rules>
        </Departure>
      </Rules>
    </RuleSet>
    <RuleSet Name="YPKA_DEPS">
      <Rules>
        <Departure Values="YPKA">
          <Rules>
            <Default>
              <AssignSector Order="ORE"/>
            </Default>
          </Rules>
        </Departure>
      </Rules>
    </RuleSet>
    <RuleSet Name="YPPF_DEPS">
      <Rules>
        <Departure Values="YPPF">
          <Rules>
            <Default>
              <AssignSector Order="AAW"/>
            </Default>
          </Rules>
        </Departure>
      </Rules>
    </RuleSet>
    <RuleSet Name="YPPH_DEPS">
      <Rules>
        <Departure Values="YPPH,YPJT">
          <Rules>
            <Default>
              <AssignSector Order="PHD,PHA"/>
            </Default>
          </Rules>
        </Departure>
      </Rules>
    </RuleSet>
    <RuleSet Name="YPTN_DEPS">
      <Rules>
        <Departure Values="YPTN">
          <Rules>
            <Default>
              <AssignSector Order="TNA,TRT"/>
            </Default>
          </Rules>
        </Departure>
      </Rules>
    </RuleSet>
    <RuleSet Name="YSBK_DEPS">
      <Rules>
        <Departure Values="YSBK">
          <Rules>
            <Default>
              <AssignSector Order="SDN"/>
            </Default>
          </Rules>
        </Departure>
      </Rules>
    </RuleSet>
    <RuleSet Name="YSCB_DEPS">
      <Rules>
        <Departure Values="YSCB">
          <Rules>
            <Route Values="AVBEG,CULIN">
              <AssignSector Order="CAE,CAW"/>
            </Route>
            <Route Values="HOWLY,WG,NONUP,TANTA">
              <AssignSector Order="CAW,CAE"/>
            </Route>
            <Default>
              <AssignSector Order="CAE,CAW"/>
            </Default>
          </Rules>
        </Departure>
      </Rules>
    </RuleSet>
    <RuleSet Name="YSCN_DEPS">
      <Rules>
        <Departure Values="YSCN">
          <Rules>
            <Default>
              <AssignSector Order="SDS"/>
            </Default>
          </Rules>
        </Departure>
      </Rules>
    </RuleSet>
    <RuleSet Name="YSNW_DEPS">
      <Rules>
        <Departure Values="YSNW">
          <Rules>
            <Default>
              <AssignSector Order="NWA,WOL"/>
            </Default>
          </Rules>
        </Departure>
      </Rules>
    </RuleSet>
    <RuleSet Name="YSRI_DEPS">
      <Rules>
        <Departure Values="YSRI">
          <Rules>
            <Default>
              <AssignSector Order="SDN"/>
            </Default>
          </Rules>
        </Departure>
      </Rules>
    </RuleSet>
    <RuleSet Name="YSSY_DEPS">
      <Rules>
        <Departure Values="YSSY">
          <Rules>
            <Runway Values="16R,16L">
              <Rules>
                <Route Values="WOL,CORDO,KADOM,RIC">
                  <AssignSector Order="SDS,SDN,SAS,SAN" />
                </Route>
                <Route Values="OPTIC,CAWLY,EVONN,DIPSO,NOBAR,ENTRA,KAMBA">
                  <AssignSector Order="SDN,SDS,SAN,SAS" />
                </Route>
              </Rules>
            </Runway>
            <Runway Values="34L,34R,07,25">
              <Rules>
                <Route Values="WOL,CORDO,KADOM,RIC,OPTIC,CAWLY">
                  <AssignSector Order="SDS,SDN,SAS,SAN" />
                </Route>
                <Route Values="EVONN,DIPSO,NOBAR,ENTRA,KAMBA">
                  <AssignSector Order="SDN,SDS,SAN,SAS" />
                </Route>
              </Rules>
            </Runway>
            <Route Values="BK,YSCN,YSHL">
              <AssignSector Order="SDS,SDN,SAS,SAN" />
            </Route>
            <Default>
              <AssignSector Order="SDN,SDS,SAN,SAS"/>
            </Default>
          </Rules>
        </Departure>
      </Rules>
    </RuleSet>
    <RuleSet Name="YSTW_DEPS">
      <Rules>
        <Departure Values="YSTW">
          <Rules>
            <Default>
              <AssignSector Order="TW ADC,ARL"/>
            </Default>
          </Rules>
        </Departure>
      </Rules>
    </RuleSet>
    <RuleSet Name="YWLM_DEPS">
      <Rules>
        <Departure Values="YWLM">
          <Rules>
            <Default>
              <AssignSector Order="WLM,MLD"/>
            </Default>
          </Rules>
        </Departure>
      </Rules>
    </RuleSet>
    <RuleSet Name="YPLM_DEPS">
        <Rules>
          <Departure Values="YPLM">
            <Rules>
              <Default>
                <AssignSector Order="LMA,OLW"/>
              </Default>
            </Rules>
          </Departure>
        </Rules>
      </RuleSet>
      <RuleSet Name="YCIN_DEPS">
        <Rules>
          <Departure Values="YCIN">
            <Rules>
              <Default>
                <AssignSector Order="CIA,KIY"/>
              </Default>
            </Rules>
          </Departure>
        </Rules>
      </RuleSet>
      <RuleSet Name="YBSG_DEPS">
        <Rules>
          <Departure Values="YBSG">
            <Rules>
              <Default>
                <AssignSector Order="SGA,ARA"/>
              </Default>
            </Rules>
          </Departure>
        </Rules>
      </RuleSet>
      <RuleSet Name="YPWR_DEPS">
        <Rules>
          <Departure Values="YPWR">
            <Rules>
              <Default>
                <AssignSector Order="WR ADC,WRA"/>
              </Default>
            </Rules>
          </Departure>
        </Rules>
      </RuleSet>
  </RuleSets>
</DefaultJurisdiction>
