﻿<?xml version="1.0" encoding="utf-8"?>
<RestrictedAreas>
  <Areas>
    <RestrictedArea Type="Restricted" Name="RJ R 1" AltitudeFloor="0" AltitudeCeiling="19000" DAIWEnabled="true" LinePattern="Dashed">
      <Area>
        +41.022779+140.314865/
        +41.023179+140.325000/
        +40.913485+140.325001/
        +40.913386+140.322458/
        +40.914554+140.309860/
        +40.917356+140.297722/
        +40.921707+140.286413/
        +40.927474+140.276276/
        +40.934484+140.267620/
        +40.942521+140.260707/
        +40.951343+140.255748/
        +40.960681+140.252893/
        +40.970252+140.252229/
        +40.979764+140.253775/
        +40.988929+140.257486/
        +40.997468+140.263249/
        +41.005122+140.270887/
        +41.011658+140.280170/
        +41.016878+140.290815/
        +41.020623+140.302498/
        +41.022779+140.314865
      </Area>
      <Activations>
        <Activation H24="true" Start="0000" End="0000" />
      </Activations>
    </RestrictedArea>
    <RestrictedArea Type="Restricted" Name="RJ R 3" AltitudeFloor="0" AltitudeCeiling="19000" DAIWEnabled="true" LinePattern="Dashed">
      <Area>
        +35.819151+135.186405/
        +35.819652+135.198197/
        +35.818485+135.209916/
        +35.815684+135.221208/
        +35.811334+135.231729/
        +35.805568+135.241159/
        +35.798561+135.249212/
        +35.790526+135.255642/
        +35.781706+135.260256/
        +35.772371+135.262912/
        +35.764721+135.263406/
        +35.764722+135.128260/
        +35.766640+135.128136/
        +35.776149+135.129575/
        +35.785311+135.133027/
        +35.793848+135.138387/
        +35.801500+135.145493/
        +35.808034+135.154129/
        +35.813252+135.164031/
        +35.816996+135.174900/
        +35.819151+135.186405
      </Area>
      <Activations>
        <Activation H24="true" Start="0000" End="0000" />
      </Activations>
    </RestrictedArea>
    <RestrictedArea Type="Restricted" Name="YAUSUBETSU" AltitudeFloor="0" AltitudeCeiling="36000" DAIWEnabled="true" LinePattern="Solid">
      <Area>
        +43.341389+144.706945/
        +43.328056+144.901389/
        +43.302500+145.030556/
        +43.230278+145.032500/
        +43.221667+144.870833/
        +43.292778+144.669445/
        +43.341389+144.706945
      </Area>
      <Activations>
        <Activation H24="false" Start="0000" End="0000" />
      </Activations>
    </RestrictedArea>
    <RestrictedArea Type="Restricted" Name="R-91 HIJUDAI" AltitudeFloor="0" AltitudeCeiling="12000" DAIWEnabled="true" LinePattern="Solid">
      <Area>
        +33.336111+131.221111/
        +33.334167+131.350833/
        +33.273333+131.348889/
        +33.270556+131.221111/
        +33.336111+131.221111
      </Area>
      <Activations>
        <Activation H24="false" Start="0000" End="0000" />
      </Activations>
    </RestrictedArea>
    <RestrictedArea Type="Restricted" Name="R-92 JUMONJI" AltitudeFloor="0" AltitudeCeiling="6000" DAIWEnabled="true" LinePattern="Solid">
      <Area>
        +33.327778+131.418333/
        +33.327778+131.445278/
        +33.365556+131.445278/
        +33.365556+131.418333/
        +33.327778+131.418333
      </Area>
      <Activations>
        <Activation H24="false" Start="0000" End="0000" />
      </Activations>
    </RestrictedArea>
    <RestrictedArea Type="Restricted" Name="R-96 NIPPON-BARA" AltitudeFloor="0" AltitudeCeiling="12000" DAIWEnabled="true" LinePattern="Solid">
      <Area>
        +35.170833+134.161111/
        +35.148056+134.201389/
        +35.094167+134.156389/
        +35.115833+134.117222/
        +35.170833+134.161111
      </Area>
      <Activations>
        <Activation H24="false" Start="0000" End="0000" />
      </Activations>
    </RestrictedArea>
    <RestrictedArea Type="Restricted" Name="R-101 AEBANO" AltitudeFloor="0" AltitudeCeiling="12000" DAIWEnabled="true" LinePattern="Solid">
      <Area>
        +35.408611+135.932222/
        +35.407500+136.031111/
        +35.362500+136.030278/
        +35.363611+135.931945/
        +35.408611+135.932222
      </Area>
      <Activations>
        <Activation H24="false" Start="0000" End="0000" />
      </Activations>
    </RestrictedArea>
    <RestrictedArea Type="Restricted" Name="R-104 Area Golf" AltitudeFloor="0" AltitudeCeiling="20000" DAIWEnabled="true" LinePattern="Dashed">
      <Area>
        +33.586667+128.414445/
        +33.353333+128.647778/
        +33.703333+129.164445/
        +33.936667+128.931111/
        +33.586667+128.414445
      </Area>
      <Activations>
        <Activation H24="true" Start="0000" End="0000" />
      </Activations>
    </RestrictedArea>
    <RestrictedArea Type="Restricted" Name="R-105 Area FOXTROT" AltitudeFloor="0" AltitudeCeiling="60000" DAIWEnabled="true" LinePattern="Solid">
      <Area>
        +32.336667+128.764445/
        +32.336667+129.164445/
        +31.786667+129.164445/
        +31.786667+128.764445/
        +32.336667+128.764445
      </Area>
      <Activations>
        <Activation H24="false" Start="2300" End="0800" />
      </Activations>
    </RestrictedArea>
    <RestrictedArea Type="Restricted" Name="R-108 OYANOHARA" AltitudeFloor="0" AltitudeCeiling="12000" DAIWEnabled="true" LinePattern="Solid">
      <Area>
        +32.798611+131.000556/
        +32.744445+131.000556/
        +32.727500+130.907778/
        +32.773056+130.908889/
        +32.798611+131.000556
      </Area>
      <Activations>
        <Activation H24="false" Start="0000" End="0000" />
      </Activations>
    </RestrictedArea>
    <RestrictedArea Type="Restricted" Name="R-109 Area LIMA" AltitudeFloor="0" AltitudeCeiling="60000" DAIWEnabled="true" LinePattern="Solid">
      <Area>
        +32.028611+132.630833/
        +32.153611+132.997500/
        +31.803611+132.997500/
        +32.036945+133.497500/
        +31.703611+133.497500/
        +31.070278+132.130833/
        +31.420278+132.130833/
        +31.636945+132.630833/
        +32.028611+132.630833
      </Area>
      <Activations>
        <Activation H24="false" Start="2100" End="0900" />
      </Activations>
    </RestrictedArea>
    <RestrictedArea Type="Restricted" Name="R-114 FUJI MCNAIR" AltitudeFloor="0" AltitudeCeiling="14000" DAIWEnabled="true" LinePattern="Dashed">
      <Area>
        +35.451111+138.762222/
        +35.452778+138.883333/
        +35.282778+138.886111/
        +35.282778+138.921945/
        +35.217778+138.924167/
        +35.220556+138.768889/
        +35.451111+138.762222
      </Area>
      <Activations>
        <Activation H24="true" Start="0000" End="0000" />
      </Activations>
    </RestrictedArea>
    <RestrictedArea Type="Restricted" Name="R-116 Area CHARLIE_SFC-UNL" AltitudeFloor="0" AltitudeCeiling="60000" DAIWEnabled="true" LinePattern="Solid">
      <Area>
        +34.138333+140.780833/
        +34.033056+140.950278/
        +33.951945+141.087222/
        +33.574722+140.429722/
        +33.785000+140.363889/
        +34.138333+140.780833
      </Area>
      <Activations>
        <Activation H24="true" Start="0000" End="0000" />
      </Activations>
    </RestrictedArea>
    <RestrictedArea Type="Restricted" Name="R-116 Area CHARLIE_SFC-150" AltitudeFloor="0" AltitudeCeiling="15000" DAIWEnabled="true" LinePattern="Dashed">
      <Area>
        +34.306389+140.551667/
        +34.138333+140.780833/
        +33.785000+140.363889/
        +34.189167+140.235833/
        +34.306389+140.551667
      </Area>
      <Activations>
        <Activation H24="true" Start="0000" End="0000" />
      </Activations>
    </RestrictedArea>
    <RestrictedArea Type="Restricted" Name="R-116 Area CHARLIE_SFC-120" AltitudeFloor="0" AltitudeCeiling="12000" DAIWEnabled="true" LinePattern="Dotted">
      <Area>
        +34.586667+140.280000/
        +34.306389+140.551667/
        +34.189167+140.235833/
        +34.520000+140.130000/
        +34.586667+140.280000
      </Area>
      <Activations>
        <Activation H24="true" Start="0000" End="0000" />
      </Activations>
    </RestrictedArea>
    <RestrictedArea Type="Restricted" Name="R-119 SOMAGAHARA" AltitudeFloor="0" AltitudeCeiling="6000" DAIWEnabled="true" LinePattern="Solid">
      <Area>
        +36.419722+138.935556/
        +36.440556+138.952222/
        +36.457222+138.921667/
        +36.444722+138.916111/
        +36.419722+138.935556
      </Area>
      <Activations>
        <Activation H24="false" Start="0000" End="0000" />
      </Activations>
    </RestrictedArea>
    <RestrictedArea Type="Restricted" Name="R-121 CENTRAL HONSHU_350" AltitudeFloor="0" AltitudeCeiling="35000" DAIWEnabled="true" LinePattern="Dashed">
      <Area>
        +36.669722+141.080000/
        +36.669722+141.346667/
        +36.083333+141.346667/
        +36.083333+141.080000/
        +36.669722+141.080000
      </Area>
      <Activations>
        <Activation H24="false" Start="2200" End="1100" />
      </Activations>
    </RestrictedArea>
    <RestrictedArea Type="Restricted" Name="R-121 CENTRAL HONSHU_080" AltitudeFloor="0" AltitudeCeiling="8000" DAIWEnabled="true" LinePattern="Dotted">
      <Area>
        +36.083333+141.080000/
        +36.083333+141.346667/
        +36.003333+141.346667/
        +36.003333+141.080000/
        +36.083333+141.080000
      </Area>
      <Activations>
        <Activation H24="false" Start="2200" End="1100" />
      </Activations>
    </RestrictedArea>
    <RestrictedArea Type="Restricted" Name="R-127 OJOJI-HARA" AltitudeFloor="0" AltitudeCeiling="25000" DAIWEnabled="true" LinePattern="Solid">
      <Area>
        +38.519445+140.679722/
        +38.519445+140.863056/
        +38.469445+140.863056/
        +38.469445+140.679722/
        +38.519445+140.679722
      </Area>
      <Activations>
        <Activation H24="false" Start="0000" End="0000" />
      </Activations>
    </RestrictedArea>
    <RestrictedArea Type="Restricted" Name="R-129 NORTHERN HONSHU" AltitudeFloor="0" AltitudeCeiling="35000" DAIWEnabled="true" LinePattern="Dashed">
      <Area>
        +40.836111+142.179722/
        +40.836111+142.996111/
        +40.736111+142.996111/
        +40.402778+142.546389/
        +40.402778+142.229722/
        +40.836111+142.179722
      </Area>
      <Activations>
        <Activation H24="false" Start="2200" End="1100" />
      </Activations>
    </RestrictedArea>
    <RestrictedArea Type="Restricted" Name="R-130 MISAWA" AltitudeFloor="0" AltitudeCeiling="23000" DAIWEnabled="true" LinePattern="Dashed">
      <Area>
        +40.895303+141.379010/
        +40.895546+141.385146/
        +40.894980+141.391245/
        +40.923841+141.444251/
        +40.922145+141.447308/
        +40.913012+141.458570/
        +40.902539+141.467564/
        +40.891043+141.474017/
        +40.878876+141.477732/
        +40.866405+141.478596/
        +40.854010+141.476584/
        +40.842068+141.471755/
        +40.830941+141.464258/
        +40.827921+141.462139/
        +40.845369+141.400465/
        +40.843553+141.394809/
        +40.842508+141.388822/
        +40.842265+141.382686/
        +40.842831+141.376587/
        +40.844190+141.370711/
        +40.846299+141.365236/
        +40.849095+141.360328/
        +40.852494+141.356138/
        +40.856391+141.352791/
        +40.860668+141.350390/
        +40.865196+141.349008/
        +40.869836+141.348687/
        +40.874448+141.349435/
        +40.878891+141.351232/
        +40.883032+141.354021/
        +40.886742+141.357720/
        +40.889911+141.362213/
        +40.892442+141.367367/
        +40.894258+141.373023/
        +40.895303+141.379010
      </Area>
      <Activations>
        <Activation H24="false" Start="2200" End="1100" />
      </Activations>
    </RestrictedArea>
    <RestrictedArea Type="Restricted" Name="R-131 HIDAKAOKI" AltitudeFloor="0" AltitudeCeiling="60000" DAIWEnabled="true" LinePattern="Solid">
      <Area>
        +42.069167+142.279445/
        +41.735833+142.962778/
        +41.452778+142.712778/
        +41.760833+142.088056/
        +41.985833+142.063056/
        +42.069167+142.279445
      </Area>
      <Activations>
        <Activation H24="false" Start="2300" End="0800" />
      </Activations>
    </RestrictedArea>
    <RestrictedArea Type="Restricted" Name="R-134 KYUSHU" AltitudeFloor="0" AltitudeCeiling="35000" DAIWEnabled="true" LinePattern="Dashed">
      <Area>
        +34.853056+130.585000/
        +34.725278+130.866945/
        +34.147778+130.483611/
        +34.282500+130.210278/
        +34.853056+130.585000
      </Area>
      <Activations>
        <Activation H24="false" Start="2200" End="0800" />
      </Activations>
    </RestrictedArea>
    <RestrictedArea Type="Restricted" Name="R-138 SHIMAMATSU" AltitudeFloor="0" AltitudeCeiling="9000" DAIWEnabled="true" LinePattern="Solid">
      <Area>
        +42.900278+141.451945/
        +42.900278+141.459167/
        +42.897500+141.470278/
        +42.899167+141.487500/
        +42.917778+141.541389/
        +42.866667+141.533611/
        +42.859445+141.516389/
        +42.854167+141.490833/
        +42.854445+141.436945/
        +42.901389+141.431111/
        +42.896667+141.443333/
        +42.900278+141.451945
      </Area>
      <Activations>
        <Activation H24="false" Start="0000" End="0000" />
      </Activations>
    </RestrictedArea>
    <RestrictedArea Type="Restricted" Name="R-532" AltitudeFloor="0" AltitudeCeiling="39370" DAIWEnabled="true" LinePattern="Solid">
      <Area>
        +38.853056+142.363056/
        +38.736389+142.529722/
        +38.353056+142.163056/
        +38.469722+141.996389/
        +38.853056+142.363056
      </Area>
      <Activations>
        <Activation H24="false" Start="0000" End="0000" />
      </Activations>
    </RestrictedArea>
    <RestrictedArea Type="Restricted" Name="R-533" AltitudeFloor="0" AltitudeCeiling="60000" DAIWEnabled="true" LinePattern="Solid">
      <Area>
        +32.003611+132.580833/
        +32.053611+132.630833/
        +31.636945+132.630833/
        +31.420278+132.130833/
        +31.511945+132.155833/
        +32.003611+132.580833
      </Area>
      <Activations>
        <Activation H24="false" Start="0000" End="0000" />
      </Activations>
    </RestrictedArea>
    <RestrictedArea Type="Restricted" Name="R-144 ENSHUNADA" AltitudeFloor="0" AltitudeCeiling="0" DAIWEnabled="true" LinePattern="Solid">
      <Area>
      </Area>
      <Activations>
        <Activation H24="false" Start="0000" End="0000" />
      </Activations>
    </RestrictedArea>
    <RestrictedArea Type="Restricted" Name="R-521 ROKKASHO" AltitudeFloor="0" AltitudeCeiling="23000" DAIWEnabled="true" LinePattern="Solid">
      <Area>
        +41.067500+141.386666/
        +41.199098+141.549518/
        +41.178280+141.574737/
        +41.151976+141.597395/
        +41.123104+141.613650/
        +41.092542+141.623009/
        +41.061220+141.625186/
        +41.030089+141.620116/
        +41.000094+141.607953/
        +40.972147+141.589066/
        +40.947098+141.564029/
        +40.944783+141.561134/
        +41.067500+141.386666
      </Area>
      <Activations>
        <Activation H24="false" Start="0000" End="0000" />
      </Activations>
    </RestrictedArea>
    <RestrictedArea Type="Restricted" Name="W-172 SOUTH RANGE" AltitudeFloor="0" AltitudeCeiling="60000" DAIWEnabled="true" LinePattern="Solid">
      <Area>
        +25.237500+127.581389/
        +24.279167+127.581389/
        +24.279167+128.664722/
        +25.079167+128.664722/
        +25.237500+128.498056/
        +25.237500+127.581389
      </Area>
      <Activations>
        <Activation H24="true" Start="0000" End="0000" />
      </Activations>
    </RestrictedArea>
    <RestrictedArea Type="Restricted" Name="W-173 HOTEL HOTEL" AltitudeFloor="0" AltitudeCeiling="60000" DAIWEnabled="true" LinePattern="Solid">
      <Area>
        +26.387222+128.331389/
        +27.103889+129.164445/
        +27.103889+130.997778/
        +26.170833+130.997778/
        +26.387222+128.331389
      </Area>
      <Activations>
        <Activation H24="false" Start="2100" End="1100" />
      </Activations>
    </RestrictedArea>
    <RestrictedArea Type="Restricted" Name="W-173A AREA ALFA" AltitudeFloor="3000" AltitudeCeiling="60000" DAIWEnabled="true" LinePattern="Solid">
      <Area>
        +26.887222+128.914722/
        +27.403889+129.247778/
        +27.487222+129.581111/
        +27.553889+129.997778/
        +27.103889+130.247778/
        +27.103889+129.164445/
        +26.887222+128.914722
      </Area>
      <Activations>
        <Activation H24="false" Start="2100" End="1100" />
      </Activations>
    </RestrictedArea>
    <RestrictedArea Type="Restricted" Name="W-174 IDESUNA JIMA" AltitudeFloor="0" AltitudeCeiling="15000" DAIWEnabled="true" LinePattern="Dashed">
      <Area>
        +26.453917+126.931472/
        +26.453889+127.114833/
        +26.203889+127.114833/
        +26.204000+126.931445/
        +26.453917+126.931472
      </Area>
      <Activations>
        <Activation H24="false" Start="2100" End="1400" />
      </Activations>
    </RestrictedArea>
    <RestrictedArea Type="Restricted" Name="W-174A KUME JIMA" AltitudeFloor="0" AltitudeCeiling="15000" DAIWEnabled="true" LinePattern="Dashed">
      <Area>
        +26.453861+126.798195/
        +26.453917+126.931472/
        +26.204000+126.931445/
        +26.203889+126.798195/
        +26.453861+126.798195
      </Area>
      <Activations>
        <Activation H24="false" Start="2100" End="1400" />
      </Activations>
    </RestrictedArea>
    <RestrictedArea Type="Restricted" Name="W-175 KOBI SHO" AltitudeFloor="0" AltitudeCeiling="4000" DAIWEnabled="true" LinePattern="Dotted">
      <Area>
        +25.934999+123.683333/
        +25.934974+123.683655/
        +25.934899+123.683967/
        +25.934776+123.684259/
        +25.934609+123.684524/
        +25.934404+123.684752/
        +25.934166+123.684937/
        +25.933903+123.685074/
        +25.933623+123.685157/
        +25.933333+123.685185/
        +25.933044+123.685157/
        +25.932764+123.685074/
        +25.932501+123.684937/
        +25.932263+123.684752/
        +25.932058+123.684524/
        +25.931891+123.684259/
        +25.931768+123.683967/
        +25.931693+123.683655/
        +25.931668+123.683333/
        +25.931693+123.683012/
        +25.931768+123.682700/
        +25.931891+123.682407/
        +25.932058+123.682143/
        +25.932263+123.681915/
        +25.932501+123.681730/
        +25.932764+123.681593/
        +25.933044+123.681510/
        +25.933333+123.681481/
        +25.933623+123.681510/
        +25.933903+123.681593/
        +25.934166+123.681730/
        +25.934404+123.681915/
        +25.934609+123.682143/
        +25.934776+123.682407/
        +25.934899+123.682700/
        +25.934974+123.683012
      </Area>
      <Activations>
        <Activation H24="false" Start="2200" End="0800" />
      </Activations>
    </RestrictedArea>
    <RestrictedArea Type="Restricted" Name="W-176 TORI SHIMA" AltitudeFloor="0" AltitudeCeiling="15000" DAIWEnabled="true" LinePattern="Dashed">
      <Area>
        +26.686401+126.818488/
        +26.687161+126.834693/
        +26.685393+126.850800/
        +26.681150+126.866319/
        +26.674563+126.880778/
        +26.665831+126.893738/
        +26.655220+126.904805/
        +26.643050+126.913644/
        +26.629694+126.919984/
        +26.615556+126.923635/
        +26.601067+126.924485/
        +26.586665+126.922506/
        +26.572790+126.917762/
        +26.559861+126.910395/
        +26.548273+126.900629/
        +26.538378+126.888760/
        +26.530475+126.875150/
        +26.524806+126.860213/
        +26.521542+126.844400/
        +26.520782+126.828195/
        +26.522551+126.812088/
        +26.526793+126.796569/
        +26.533380+126.782110/
        +26.542113+126.769150/
        +26.552724+126.758083/
        +26.564893+126.749244/
        +26.578249+126.742904/
        +26.592387+126.739253/
        +26.606877+126.738403/
        +26.621278+126.740381/
        +26.635154+126.745126/
        +26.648082+126.752493/
        +26.659670+126.762259/
        +26.669566+126.774128/
        +26.677468+126.787738/
        +26.683138+126.802675/
        +26.686401+126.818488
      </Area>
      <Activations>
        <Activation H24="false" Start="2100" End="1500" />
      </Activations>
    </RestrictedArea>
    <RestrictedArea Type="Restricted" Name="R-177 CAMP HANSEN" AltitudeFloor="0" AltitudeCeiling="3000" DAIWEnabled="true" LinePattern="Dotted">
      <Area>
        +26.453889+127.898111/
        +26.503889+127.964750/
        +26.520556+127.981417/
        +26.537222+127.981417/
        +26.487222+127.864778/
        +26.453889+127.898111
      </Area>
      <Activations>
        <Activation H24="true" Start="0000" End="0000" />
      </Activations>
    </RestrictedArea>
    <RestrictedArea Type="Restricted" Name="W-178 IE SHIMA" AltitudeFloor="0" AltitudeCeiling="15000" DAIWEnabled="true" LinePattern="Dashed">
      <Area>
        +26.819625+127.751806/
        +26.820384+127.768030/
        +26.818616+127.784156/
        +26.814373+127.799693/
        +26.807786+127.814170/
        +26.799054+127.827145/
        +26.788442+127.838225/
        +26.776273+127.847074/
        +26.762917+127.853422/
        +26.748779+127.857077/
        +26.734289+127.857927/
        +26.719888+127.855947/
        +26.706012+127.851197/
        +26.693083+127.843821/
        +26.681496+127.834044/
        +26.671600+127.822161/
        +26.663698+127.808535/
        +26.658028+127.793580/
        +26.654764+127.777749/
        +26.654005+127.761525/
        +26.655773+127.745399/
        +26.660015+127.729862/
        +26.666602+127.715386/
        +26.675335+127.702410/
        +26.685946+127.691330/
        +26.698115+127.682481/
        +26.711472+127.676133/
        +26.725609+127.672478/
        +26.740099+127.671628/
        +26.754501+127.673608/
        +26.768377+127.678358/
        +26.781305+127.685734/
        +26.792893+127.695511/
        +26.802789+127.707394/
        +26.810691+127.721020/
        +26.816360+127.735975/
        +26.819625+127.751806
      </Area>
      <Activations>
        <Activation H24="false" Start="2100" End="1400" />
      </Activations>
    </RestrictedArea>
    <RestrictedArea Type="Restricted" Name="W-178A IE SHIMA" AltitudeFloor="0" AltitudeCeiling="13000" DAIWEnabled="true" LinePattern="Dotted">
      <Area>
        +26.893389+127.545833/
        +26.986667+127.785278/
        +26.981459+127.822913/
        +26.968732+127.869525/
        +26.948970+127.912953/
        +26.922773+127.951879/
        +26.890938+127.985120/
        +26.869416+128.002250/
        +26.813583+127.954194/
        +26.670639+127.598056/
        +26.853944+127.514722/
        +26.893389+127.545833
      </Area>
      <Activations>
        <Activation H24="false" Start="2100" End="1400" />
      </Activations>
    </RestrictedArea>
    <RestrictedArea Type="Restricted" Name="W-179 NORTH RANGE" AltitudeFloor="0" AltitudeCeiling="60000" DAIWEnabled="true" LinePattern="Solid">
      <Area>
        +27.079166+126.651389/
        +27.503889+125.948055/
        +27.707301+126.141011/
        +27.944792+126.425270/
        +28.134451+126.751240/
        +28.287222+127.131389/
        +27.533889+127.426389/
        +27.428892+127.169966/
        +27.315098+126.974384/
        +27.172603+126.803829/
        +27.090556+126.716389/
        +27.079166+126.651389
      </Area>
      <Activations>
        <Activation H24="true" Start="0000" End="0000" />
      </Activations>
    </RestrictedArea>
    <RestrictedArea Type="Restricted" Name="W-181 GOLF GOLF" AltitudeFloor="0" AltitudeCeiling="4000" DAIWEnabled="true" LinePattern="Solid">
      <Area>
        +25.687500+130.747778/
        +25.437500+131.697778/
        +24.387500+130.797778/
        +24.887500+130.064445/
        +25.687500+130.747778
      </Area>
      <Activations>
        <Activation H24="false" Start="0000" End="0000" />
      </Activations>
    </RestrictedArea>
    <RestrictedArea Type="Restricted" Name="W-182 SEKIBI SHO" AltitudeFloor="0" AltitudeCeiling="4000" DAIWEnabled="true" LinePattern="Dotted">
      <Area>
        +25.986426+124.552093/
        +25.987186+124.568201/
        +25.985418+124.584211/
        +25.981176+124.599636/
        +25.974589+124.614008/
        +25.965857+124.626890/
        +25.955246+124.637890/
        +25.943077+124.646675/
        +25.929721+124.652978/
        +25.915584+124.656606/
        +25.901095+124.657450/
        +25.886693+124.655485/
        +25.872818+124.650769/
        +25.859890+124.643446/
        +25.848303+124.633739/
        +25.838408+124.621942/
        +25.830505+124.608415/
        +25.824836+124.593567/
        +25.821572+124.577851/
        +25.820813+124.561743/
        +25.822581+124.545733/
        +25.826823+124.530308/
        +25.833411+124.515936/
        +25.842142+124.503054/
        +25.852754+124.492054/
        +25.864922+124.483269/
        +25.878278+124.476966/
        +25.892415+124.473338/
        +25.906904+124.472494/
        +25.921306+124.474460/
        +25.935181+124.479175/
        +25.948108+124.486498/
        +25.959696+124.496205/
        +25.969591+124.508002/
        +25.977493+124.521530/
        +25.983163+124.536377/
        +25.986426+124.552093
      </Area>
      <Activations>
        <Activation H24="true" Start="0000" End="0000" />
      </Activations>
    </RestrictedArea>
    <RestrictedArea Type="Restricted" Name="R-183 OKINO-DAITO JIMA" AltitudeFloor="0" AltitudeCeiling="60000" DAIWEnabled="true" LinePattern="Solid">
      <Area>
        +24.520370+131.173475/
        +24.520825+131.183026/
        +24.520825+131.183026/
        +24.519764+131.192518/
        +24.519764+131.192518/
        +24.517219+131.201665/
        +24.517219+131.201665/
        +24.513267+131.210186/
        +24.513267+131.210186/
        +24.508029+131.217824/
        +24.508029+131.217824/
        +24.501662+131.224347/
        +24.501662+131.224347/
        +24.494361+131.229556/
        +24.494361+131.229556/
        +24.486349+131.233293/
        +24.486349+131.233293/
        +24.477867+131.235445/
        +24.477867+131.235445/
        +24.469173+131.235945/
        +24.469173+131.235945/
        +24.460533+131.234780/
        +24.460533+131.234780/
        +24.452209+131.231983/
        +24.452209+131.231983/
        +24.444453+131.227641/
        +24.444453+131.227641/
        +24.437501+131.221886/
        +24.437501+131.221886/
        +24.431564+131.214891/
        +24.431564+131.214891/
        +24.426823+131.206870/
        +24.426823+131.206870/
        +24.423421+131.198066/
        +24.423421+131.198066/
        +24.421463+131.188747/
        +24.421463+131.188747/
        +24.421008+131.179196/
        +24.421008+131.179196/
        +24.422069+131.169703/
        +24.422069+131.169703/
        +24.424614+131.160557/
        +24.424614+131.160557/
        +24.428566+131.152035/
        +24.428566+131.152035/
        +24.433804+131.144397/
        +24.433804+131.144397/
        +24.440171+131.137874/
        +24.440171+131.137874/
        +24.447471+131.132665/
        +24.447471+131.132665/
        +24.455484+131.128928/
        +24.455484+131.128928/
        +24.463966+131.126777/
        +24.463966+131.126777/
        +24.472660+131.126276/
        +24.472660+131.126276/
        +24.481300+131.127442/
        +24.481300+131.127442/
        +24.489624+131.130238/
        +24.489624+131.130238/
        +24.497380+131.134580/
        +24.497380+131.134580/
        +24.504332+131.140336/
        +24.504332+131.140336/
        +24.510269+131.147330/
        +24.510269+131.147330/
        +24.515010+131.155351/
        +24.515010+131.155351/
        +24.518411+131.164156/
        +24.518411+131.164156/
        +24.520370+131.173475
      </Area>
      <Activations>
        <Activation H24="true" Start="0000" End="0000" />
      </Activations>
    </RestrictedArea>
    <RestrictedArea Type="Restricted" Name="W-183A OKINO-DAITO JIMA" AltitudeFloor="0" AltitudeCeiling="60000" DAIWEnabled="true" LinePattern="Solid">
      <Area>
        +24.553338+131.168384/
        +24.554098+131.184302/
        +24.552330+131.200123/
        +24.548088+131.215367/
        +24.541501+131.229570/
        +24.532770+131.242300/
        +24.522159+131.253172/
        +24.509991+131.261853/
        +24.496637+131.268081/
        +24.482500+131.271667/
        +24.468011+131.272502/
        +24.453612+131.270559/
        +24.439737+131.265899/
        +24.426810+131.258661/
        +24.415223+131.249069/
        +24.405329+131.237411/
        +24.397427+131.224042/
        +24.391758+131.209369/
        +24.388495+131.193838/
        +24.387735+131.177919/
        +24.389503+131.162098/
        +24.393745+131.146854/
        +24.400332+131.132651/
        +24.409063+131.119921/
        +24.419674+131.109050/
        +24.431842+131.100368/
        +24.445196+131.094140/
        +24.459333+131.090554/
        +24.473821+131.089720/
        +24.488221+131.091663/
        +24.502096+131.096323/
        +24.515023+131.103560/
        +24.526610+131.113153/
        +24.536504+131.124811/
        +24.544406+131.138179/
        +24.550075+131.152852/
        +24.553338+131.168384
      </Area>
      <Activations>
        <Activation H24="true" Start="0000" End="0000" />
      </Activations>
    </RestrictedArea>
    <RestrictedArea Type="Restricted" Name="W-184 INDIA INDIA" AltitudeFloor="0" AltitudeCeiling="60000" DAIWEnabled="true" LinePattern="Solid">
      <Area>
        +24.387500+130.797778/
        +25.437500+131.697778/
        +25.220833+132.514445/
        +24.004445+132.997778/
        +24.004167+131.377222/
        +24.125833+131.173611/
        +24.387500+130.797778
      </Area>
      <Activations>
        <Activation H24="false" Start="0200" End="1400" />
      </Activations>
    </RestrictedArea>
    <RestrictedArea Type="Restricted" Name="W-185 MIKE MIKE" AltitudeFloor="0" AltitudeCeiling="60000" DAIWEnabled="true" LinePattern="Solid">
      <Area>
        +25.687500+128.864722/
        +25.810278+129.038611/
        +25.737500+129.431111/
        +25.737500+130.181111/
        +25.723333+130.597778/
        +25.687500+130.747778/
        +24.887500+130.064445/
        +25.687500+128.864722
      </Area>
      <Activations>
        <Activation H24="false" Start="2100" End="0900" />
      </Activations>
    </RestrictedArea>
    <RestrictedArea Type="Restricted" Name="NORTHERN TRAINING AREA" AltitudeFloor="0" AltitudeCeiling="2000" DAIWEnabled="true" LinePattern="Dotted">
      <Area>
        +26.776667+128.291667/
        +26.756667+128.259167/
        +26.699445+128.236945/
        +26.658611+128.181945/
        +26.632778+128.233333/
        +26.676111+128.245000/
        +26.667222+128.269167/
        +26.685278+128.278333/
        +26.685278+128.253611/
        +26.729722+128.295000/
        +26.753889+128.283889/
        +26.759445+128.298889/
        +26.755000+128.316111/
        +26.764167+128.320000/
        +26.776667+128.291667
      </Area>
      <Activations>
        <Activation H24="true" Start="0000" End="0000" />
      </Activations>
    </RestrictedArea>
    <RestrictedArea Type="Restricted" Name="CAMP SCHWAB" AltitudeFloor="0" AltitudeCeiling="2000" DAIWEnabled="true" LinePattern="Dotted">
      <Area>
        +26.529445+127.994167/
        +26.563056+128.035833/
        +26.547778+128.050556/
        +26.516389+128.058611/
        +26.507778+128.020833/
        +26.513611+128.008056/
        +26.529445+127.994167
      </Area>
      <Activations>
        <Activation H24="false" Start="2100" End="1500" />
      </Activations>
    </RestrictedArea>
    <RestrictedArea Type="Restricted" Name="CENTRAL TRAINING AREA" AltitudeFloor="0" AltitudeCeiling="1000" DAIWEnabled="true" LinePattern="Dotted">
      <Area>
        +26.561667+127.999722/
        +26.525556+127.976945/
        +26.500833+127.924167/
        +26.476389+127.917222/
        +26.499445+127.873056/
        +26.488333+127.854722/
        +26.464722+127.857222/
        +26.455556+127.925833/
        +26.482778+127.938333/
        +26.492222+127.979445/
        +26.514722+127.987222/
        +26.521945+127.998056/
        +26.522110+128.000602/
        +26.529445+127.994167/
        +26.544879+128.013303/
        +26.561667+127.999722
      </Area>
      <Activations>
        <Activation H24="true" Start="0000" End="0000" />
      </Activations>
    </RestrictedArea>
    <RestrictedArea Type="Restricted" Name="CAMP COURTNEY AREA" AltitudeFloor="0" AltitudeCeiling="1000" DAIWEnabled="true" LinePattern="Dotted">
      <Area>
        +26.396667+127.859445/
        +26.384722+127.850278/
        +26.383333+127.853056/
        +26.388333+127.857778/
        +26.388056+127.861111/
        +26.380278+127.862222/
        +26.378889+127.866667/
        +26.387778+127.868333/
        +26.396667+127.859445
      </Area>
      <Activations>
        <Activation H24="true" Start="0000" End="0000" />
      </Activations>
    </RestrictedArea>
    <RestrictedArea Type="Restricted" Name="WHITE BEACH AREA" AltitudeFloor="0" AltitudeCeiling="1000" DAIWEnabled="true" LinePattern="Dotted">
      <Area>
        +26.303611+127.910000/
        +26.291667+127.906667/
        +26.290833+127.921945/
        +26.295556+127.923889/
        +26.297778+127.918611/
        +26.302500+127.915556/
        +26.303611+127.910000
      </Area>
      <Activations>
        <Activation H24="true" Start="0000" End="0000" />
      </Activations>
    </RestrictedArea>
    <RestrictedArea Type="Danger" Name="Area 1" AltitudeFloor="0" AltitudeCeiling="5000" DAIWEnabled="true" LinePattern="Dotted">
      <Area>
      +36.669722+140.596667/
      +36.669722+141.080000/
      +37.036389+141.146667/
      +36.669722+140.596667
    </Area>
      <Activations>
        <Activation H24="false" Start="2200" End="1200" />
      </Activations>
    </RestrictedArea>
    <RestrictedArea Type="Danger" Name="Area 2" AltitudeFloor="0" AltitudeCeiling="8000" DAIWEnabled="true" LinePattern="Dotted">
      <Area>
      +37.986389+140.130000/
      +37.203056+140.146667/
      +37.853056+139.463333/
      +37.986389+140.130000
    </Area>
      <Activations>
        <Activation H24="false" Start="2200" End="1200" />
      </Activations>
    </RestrictedArea>
    <RestrictedArea Type="Danger" Name="Area 3_SFC-100" AltitudeFloor="0" AltitudeCeiling="10000" DAIWEnabled="true" LinePattern="Dotted">
      <Area>
      +37.319722+139.496667/
      +36.936389+139.896667/
      +36.686389+139.863333/
      +36.153056+138.763611/
      +36.336389+138.413611/
      +37.319722+139.496667
    </Area>
      <Activations>
        <Activation H24="false" Start="2200" End="1200" />
      </Activations>
    </RestrictedArea>
    <RestrictedArea Type="Danger" Name="Area 3_SFC-080" AltitudeFloor="0" AltitudeCeiling="8000" DAIWEnabled="true" LinePattern="Dotted">
      <Area>
      +36.686389+139.863333/
      +36.936389+139.896667/
      +36.786389+140.063333/
      +36.686389+139.863333
    </Area>
      <Activations>
        <Activation H24="false" Start="2200" End="1200" />
      </Activations>
    </RestrictedArea>
    <RestrictedArea Type="Danger" Name="Area 4_SFC-110" AltitudeFloor="0" AltitudeCeiling="11000" DAIWEnabled="true" LinePattern="Dotted">
      <Area>
      +35.136666+138.580278/
      +35.105555+137.706945/
      +35.050555+137.686944/
      +34.936667+137.780278/
      +35.136666+138.580278
    </Area>
      <Activations>
        <Activation H24="false" Start="2200" End="1200" />
      </Activations>
    </RestrictedArea>
    <RestrictedArea Type="Danger" Name="Area 4_SFC-070" AltitudeFloor="0" AltitudeCeiling="7000" DAIWEnabled="true" LinePattern="Dotted">
      <Area>
      +34.976389+137.649444/
      +34.921944+137.722222/
      +34.936667+137.780278/
      +35.050555+137.686944/
      +35.015698+137.671467/
      +34.976389+137.649444
    </Area>
      <Activations>
        <Activation H24="false" Start="2200" End="1200" />
      </Activations>
    </RestrictedArea>
    <RestrictedArea Type="Danger" Name="Area 4_SFC-060_1" AltitudeFloor="0" AltitudeCeiling="6000" DAIWEnabled="true" LinePattern="Dotted">
      <Area>
      +35.080278+137.698611/
      +35.077209+137.653639/
      +35.065000+137.587778/
      +34.981111+137.652222/
      +35.015698+137.671467/
      +35.080278+137.698611
    </Area>
      <Activations>
        <Activation H24="false" Start="2200" End="1200" />
      </Activations>
    </RestrictedArea>
    <RestrictedArea Type="Danger" Name="Area 4_SFC-060_2" AltitudeFloor="0" AltitudeCeiling="4000" DAIWEnabled="true" LinePattern="Dotted">
      <Area>
      +35.153333+138.996945/
      +35.136667+138.580278/
      +34.936667+137.780278/
      +34.921945+137.722222/
      +34.903333+137.746945/
      +34.889651+138.260040/
      +34.891976+138.266712/
      +34.895242+138.283939/
      +34.896001+138.301595/
      +34.894233+138.319143/
      +34.889989+138.336051/
      +34.887463+138.342091/
      +34.870000+138.996945/
      +35.153333+138.996945
    </Area>
      <Activations>
        <Activation H24="false" Start="2200" End="1200" />
      </Activations>
    </RestrictedArea>
    <RestrictedArea Type="Danger" Name="Area 4_SFC-040" AltitudeFloor="0" AltitudeCeiling="10000" DAIWEnabled="true" LinePattern="Dotted">
      <Area>
      +35.052778+137.547222/
      +34.976389+137.649445/
      +34.981111+137.652222/
      +35.065000+137.587778/
      +35.064148+137.584785/
      +35.052778+137.547222
    </Area>
      <Activations>
        <Activation H24="false" Start="2200" End="1200" />
      </Activations>
    </RestrictedArea>
    <RestrictedArea Type="Danger" Name="Area 5" AltitudeFloor="0" AltitudeCeiling="10000" DAIWEnabled="true" LinePattern="Dotted">
      <Area>
      +35.945833+136.103889/
      +35.718889+136.315000/
      +35.711052+136.308550/
      +35.618307+136.222954/
      +35.586945+136.198333/
      +35.603056+135.630556/
      +35.945833+136.103889
    </Area>
      <Activations>
        <Activation H24="false" Start="2200" End="1200" />
      </Activations>
    </RestrictedArea>
    <RestrictedArea Type="Danger" Name="Area 6" AltitudeFloor="0" AltitudeCeiling="15000" DAIWEnabled="true" LinePattern="Dashed">
      <Area>
      +36.336389+135.080556/
      +36.076667+135.049445/
      +35.919722+134.553611/
      +35.919722+133.663889/
      +36.532222+133.663889/
      +36.426667+133.863333/
      +36.336389+133.997222/
      +36.336389+135.080556
    </Area>
      <Activations>
        <Activation H24="false" Start="2200" End="1200" />
      </Activations>
    </RestrictedArea>
    <RestrictedArea Type="Danger" Name="Area 7" AltitudeFloor="0" AltitudeCeiling="11000" DAIWEnabled="true" LinePattern="Dotted">
      <Area>
      +35.103056+132.597500/
      +34.403333+132.130833/
      +34.403333+132.130833/
      +34.548889+131.876389/
      +34.548889+131.876389/
      +34.558126+131.892096/
      +34.558126+131.892096/
      +34.575946+131.915333/
      +34.575946+131.915333/
      +34.596812+131.934453/
      +34.596812+131.934453/
      +34.604167+131.940000/
      +34.604167+131.940000/
      +34.956111+132.175278/
      +34.956111+132.175278/
      +35.103056+132.597500
    </Area>
      <Activations>
        <Activation H24="false" Start="2200" End="1200" />
      </Activations>
    </RestrictedArea>
    <RestrictedArea Type="Danger" Name="Area 8_SFC-110" AltitudeFloor="0" AltitudeCeiling="11000" DAIWEnabled="true" LinePattern="Dotted">
      <Area>
      +34.136667+130.664167/
      +34.336389+130.664167/
      +34.686389+130.880833/
      +34.353333+131.480833/
      +34.136667+130.664167
    </Area>
      <Activations>
        <Activation H24="false" Start="2200" End="1200" />
      </Activations>
    </RestrictedArea>
    <RestrictedArea Type="Danger" Name="Area 8_SFC-030" AltitudeFloor="0" AltitudeCeiling="3000" DAIWEnabled="true" LinePattern="Dotted">
      <Area>
      +34.103333+130.664167/
      +34.136667+130.664167/
      +34.353333+131.480833/
      +34.336667+131.497500/
      +34.253333+131.430833/
      +34.103333+130.664167
    </Area>
      <Activations>
        <Activation H24="false" Start="2200" End="1200" />
      </Activations>
    </RestrictedArea>
    <RestrictedArea Type="Danger" Name="Area 9_SFC-090" AltitudeFloor="0" AltitudeCeiling="9000" DAIWEnabled="true" LinePattern="Dotted">
      <Area>
      +34.721138+131.343985/
      +34.686389+130.880833/
      +34.419722+131.361667/
      +34.581945+131.498333/
      +34.586111+131.478889/
      +34.592409+131.456952/
      +34.604271+131.428625/
      +34.619995+131.403234/
      +34.639104+131.381551/
      +34.661017+131.364235/
      +34.685069+131.351813/
      +34.710527+131.344661/
      +34.721138+131.343985
    </Area>
      <Activations>
        <Activation H24="false" Start="2200" End="1200" />
      </Activations>
    </RestrictedArea>
    <RestrictedArea Type="Danger" Name="Area 9_SFC-110" AltitudeFloor="0" AltitudeCeiling="11000" DAIWEnabled="true" LinePattern="Dotted">
      <Area>
      +34.548889+131.876389/
      +34.543896+131.865450/
      +34.533687+131.836205/
      +34.527809+131.805248/
      +34.526441+131.773520/
      +34.529626+131.741985/
      +34.531111+131.733611/
      +34.581945+131.498333/
      +34.419722+131.361667/
      +34.353333+131.480833/
      +34.336667+131.497500/
      +34.253333+131.430833/
      +34.403333+132.130833/
      +34.548889+131.876389
      </Area>
        <Activations>
          <Activation H24="false" Start="2200" End="1200" />
        </Activations>
    </RestrictedArea>
  </Areas>
</RestrictedAreas>