﻿<?xml version="1.0" encoding="utf-8" ?>
<SSRAssignment>
<!-- Code "Bins" define available codes and their assigned Regex rules. 
		Priority is applied by the order they appear in this file. -->
  <Bin>
	<!-- Domestic Flights -->
    <Rule FlightRule="I" Departure="RJ\w{2}|RO\w{2}" Destination="RJ\w{2}|RO\w{2}"/>
    <Codes Start="0401" End="0477"/>
	<Codes Start="1701" End="1777"/>
	<Codes Start="2001" End="2077"/>
	<Codes Start="2101" End="2177"/>
	<Codes Start="2201" End="2277"/>
	<Codes Start="2301" End="2377"/>
	<Codes Start="2434" End="2477"/>
	<Codes Start="3301" End="3377"/>
	<Codes Start="3401" End="3477"/>
	<Codes Start="4601" End="4677"/>
	<Codes Start="4701" End="4777"/>
	<Codes Start="5501" End="5577"/>
	<Codes Start="5601" End="5677"/>
	<Codes Start="7301" End="7377"/>
  </Bin>
  <!-- International Flights -->
  <Bin>
	<Rule FlightRule="I" Destination="C\w{3}|K\w{3}|P\w{3}|M\w{3}"/>
	<Codes Start="3101" End="3177"/>
	<Codes Start="6101" End="6177"/>
	<Codes Start="7001" End="7077"/>
  </Bin>
  <Bin>
	<Rule FlightRule="I" Departure="RJ\w{2}|RO\w{2}" Destination="^(?!(RJ\w{2}|RO\w{2}))"/>
	<Codes Start="3201" End="3277"/>
	<Codes Start="3601" End="3677"/>
	<Codes Start="3701" End="3777"/>
	<Codes Start="6001" End="6077"/>
  </Bin>
  <Bin>
	<Rule FlightRule="I" Departure="^(?!(RJ\w{2}|RO\w{2}))" Destination="RJ\w{2}|RO\w{2}"/>
	<Codes Start="3201" End="3277"/>
	<Codes Start="3601" End="3677"/>
	<Codes Start="3701" End="3777"/>
	<Codes Start="6001" End="6077"/>
  </Bin>
  <!-- Transit Flights -->
  <Bin>
	<Rule FlightRule="I" Departure="^(?!(RJ\w{2}|RO\w{2}))" Destination="^(?!(RJ\w{2}|RO\w{2}))"/>
	<Codes Start="3201" End="3277"/>
	<Codes Start="3601" End="3677"/>
	<Codes Start="3701" End="3777"/>
	<Codes Start="6001" End="6077"/>
  </Bin>
		
  <!-- Excluded Codes are never assigned -->

  <!-- VFR Flights -->
  <Bin>
	<Rule FlightRule="V"/>
	<Rule Sector="OE\s\w{3}"/>
	    <Codes Start="5701" End="5737"/>
  </Bin>
  <Bin>
	<Rule FlightRule="V"/>
	<Rule Sector="FA\s\w{3}"/>
	    <Codes Start="5440" End="5477"/>
	</Bin>
	<Bin>
	<Rule FlightRule="V"/>
	<Rule Sector="TA\s\w{3}"/>
	    <Codes Start="5740" End="5777"/>
	</Bin>
	<Bin>
	<Rule FlightRule="V"/>
	<Rule Sector="GG\s\w{3}"/>
	    <Codes Start="1360" End="1377"/>
		<Codes Start="1501" End="1537"/>
		<Codes Start="5740" End="5757"/>
	</Bin>
	<Bin>
	<Rule FlightRule="V"/>
	<Rule Sector="FF\s\w{3}"/>
	    <Codes Start="1301" End="1337"/>
	</Bin>
	<Bin>
	<Rule FlightRule="V"/>
	<Rule Sector="(DG\s\w{1,2}|F\d{2})"/>
	    <Codes Start="1101" End="1177"/>
	</Bin>
	<Bin>
	<Rule FlightRule="V"/>
	<Rule Sector="SH\s\w{3}"/>
	    <Codes Start="5701" End="5737"/>
	</Bin>
	<Bin>
	<Rule FlightRule="V"/>
	<Rule Sector="CH\s\w{3}"/>
	    <Codes Start="1501" End="1537"/>
	</Bin>
	<Bin>
	<Rule FlightRule="V"/>
	<Rule Sector="NH\s\w{3}"/>
	    <Codes Start="5301" End="5377"/>
	</Bin>
	<Bin>
	<Rule FlightRule="V"/>
	<Rule Sector="TJ\s\w{3}"/>
	    <Codes Start="1550" End="1577"/>
	</Bin>
	<Bin>
	<Rule FlightRule="V"/>
	<Rule Sector="OI\s\w{3}"/>
	    <Codes Start="1540" End="1577"/>
		<Codes Start="5201" End="5277"/>
		<Codes Start="5740" End="5757"/>
	</Bin>
	<Bin>
	<Rule FlightRule="V"/>
	<Rule Sector="AW\s\w{3}"/>
	    <Codes Start="5720" End="5777"/>
	</Bin>
	<Bin>
	<Rule FlightRule="V"/>
	<Rule Sector="ODN\s\w{3}"/>
	    <Codes Start="5301" End="5377"/>
		<Codes Start="5401" End="5477"/>
	</Bin>
	<Bin>
	<Rule FlightRule="V"/>
	<Rule Sector="FK\s\w{3}"/>
	    <Codes Start="1340" End="1377"/>
		<Codes Start="1540" End="1577"/>
	</Bin>
	<Bin>
	<Rule FlightRule="V"/>
	<Rule Sector="FY\s\w{3}"/>
	    <Codes Start="5201" End="5277"/>
	</Bin>
	<Bin>
	<Rule FlightRule="V"/>
	<Rule Sector="BB\s\w{3}"/>
	    <Codes Start="1301" End="1357"/>
		<Codes Start="5701" End="5737"/>
		<Codes Start="5760" End="5777"/>
	</Bin>
	<Bin>
	<Rule FlightRule="V"/>
	<Rule Sector="(BG\s\w{1}|N\d{2})"/>
	    <Codes Start="1201" End="1277"/>
	</Bin>
	<Bin>
	<Rule FlightRule="V"/>
	<Rule Sector="NK\s\w{3}"/>
	    <Codes Start="5201" End="5277"/>
	</Bin>
	<Bin>
	<Rule FlightRule="V"/>
	<Rule Sector="FT\s\w{3}"/>
	    <Codes Start="5701" End="5737"/>
	</Bin>
	<Bin>
	<Rule FlightRule="V"/>
	<Rule Sector="ST\s\w{3}"/>
	    <Codes Start="5401" End="5477"/>
	</Bin>
	<Bin>
	<Rule FlightRule="V"/>
	<Rule Sector="OH\s\w{3}"/>
	    <Codes Start="5301" End="5377"/>
	</Bin>
	<Bin>
	<Rule FlightRule="V"/>
	<Rule Sector="SM\s\w{3}"/>
	    <Codes Start="1301" End="1377"/>
		<Codes Start="5201" End="5277"/>
		<Codes Start="5301" End="5377"/>
	</Bin>
	<Bin>
	<Rule FlightRule="V"/>
	<Rule Sector="FU\s\w{3}"/>
	    <Codes Start="5740" End="5777"/>
	</Bin>
	<Bin>
	<Rule FlightRule="V"/>
	<Rule Sector="NA\s\w{3}"/>
	    <Codes Start="1340" End="1377"/>
	</Bin>
	<Bin>
	<Rule FlightRule="V"/>
	<Rule Sector="OAH\s\w{3}"/>
	    <Codes Start="1301" End="1337"/>
		<Codes Start="1501" End="1537"/>
	</Bin>
	<Bin>
	<Rule FlightRule="V"/>
	<Rule Sector="SN\s\w{3}"/>
	    <Codes Start="1301" End="1337"/>
	</Bin>
	<Bin>
	<Rule FlightRule="V"/>
	<Rule Sector="FN\s\w{3}"/>
	    <Codes Start="5440" End="5477"/>
	</Bin>
	<Bin>
	<Rule FlightRule="V"/>
	<Rule Sector="FO\s\w{3}"/>
	    <Codes Start="1520" End="1537"/>
	</Bin>
	<Bin>
	<Rule FlightRule="V"/>
	<Rule Sector="SO\s\w{3}"/>
	    <Codes Start="5740" End="5757"/>
	</Bin>
	<Bin>
	<Rule FlightRule="V"/>
	<Rule Sector="ORS\s\w{3}"/>
	    <Codes Start="1301" End="1337"/>
		<Codes Start="1501" End="1537"/>
	</Bin>
	<Bin>
	<Rule FlightRule="V"/>
	<Rule Sector="CO\s\w{3}"/>
	    <Codes Start="5701" End="5737"/>
	</Bin>
	<Bin>
	<Rule FlightRule="V"/>
	<Rule Sector="(CG\s\w{1}|S\d{2})"/>
	    <Codes Start="1101" End="1177"/>
	</Bin>
	<Bin>
	<Rule FlightRule="V"/>
	<Rule Sector="SS\s\w{3}"/>
	    <Codes Start="1501" End="1537"/>
	</Bin>
	<Bin>
	<Rule FlightRule="V"/>
	<Rule Sector="TL\s\w{3}"/>
	    <Codes Start="1520" End="1547"/>
	</Bin>
	<Bin>
	<Rule FlightRule="V"/>
	<Rule Sector="SK\s\w{3}"/>
	    <Codes Start="1550" End="1577"/>
	</Bin>
	<Bin>
	<Rule FlightRule="V"/>
	<Rule Sector="TC\s\w{3}"/>
	    <Codes Start="5730" End="5737"/>
	</Bin>
	<Bin>
	<Rule FlightRule="V"/>
	<Rule Sector="TE\s\w{3}"/>
	    <Codes Start="1501" End="1517"/>
	</Bin>
	<Bin>
	<Rule FlightRule="V"/>
	<Rule Sector="CT\s\w{3}"/>
	    <Codes Start="5301" End="5327"/>
	</Bin>
	<Bin>
	<Rule FlightRule="V"/>
	<Rule Sector="OS\s\w{3}"/>
	    <Codes Start="5401" End="5477"/>
	</Bin>
	<Bin>
	<Rule FlightRule="V"/>
	<Rule Sector="TT\s\w{3}"/>
	    <Codes Start="1301" End="1377"/>
	</Bin>
	<Bin>
	<Rule FlightRule="V"/>
	<Rule Sector="(TG\s\w{1}|T\d{2})"/>
	    <Codes Start="1001" End="1077"/>
		<Codes Start="1201" End="1277"/>
	</Bin>
	<Bin>
	<Rule FlightRule="V"/>
	<Rule Sector="FZ\s\w{3}"/>
	    <Codes Start="5301" End="5377"/>
	</Bin>
	<Bin>
	<Rule FlightRule="V"/>
	<Rule Sector="TU\s\w{3}"/>
	    <Codes Start="5701" End="5727"/>
	</Bin>
	<Bin>
	<Rule FlightRule="V"/>
	<Rule Sector="TY\s\w{3}"/>
	    <Codes Start="5201" End="5277"/>
		<Codes Start="5401" End="5477"/>
  </Bin>
</SSRAssignment>