﻿<?xml version="1.0" encoding="utf-8"?>
<Maps>
  <Map Type="System" Name="RORS_17" CustomColourName="ACA_MAP" Priority="0" Center="+24.826667+125.144722">
    <Runway Name="17_35">
      <Threshold Name="17" Position="+24.840020+125.141353" ExtendedCentrelineTrack="346" ExtendedCentrelineLength="21" ExtendedCentrelineTickInterval="2" />
      <Threshold Name="35" Position="+24.813755+125.148524" />
    </Runway>
    <Symbol Type="HollowTriangle">
      <Point>ANNIE</Point>
      <Point>BETTY</Point>
      <Point>RS700</Point>
      <Point>FREED</Point>
      <Point>ANNIE</Point>
      <Point>DIANA</Point>
      <Point>BETTY</Point>
      <Point>CHIMI</Point>
      <Point>DIANA</Point>
      <Point>AYAGU</Point>
    </Symbol>
    <Symbol Type="Hexagon">
      <Point>MJC</Point>
      <Point>SJE</Point>
    </Symbol>
    <Symbol Type="HollowSquare">
      <Point>MJC</Point>
      <Point>SJE</Point>
    </Symbol>
  </Map>
  <Map Type="System" Name="RORS_17_LABEL" CustomColourName="ACA_MAP" Priority="2" Center="+24.826667+125.144722">
    <Label>
      <Point>ANNIE</Point>
      <Point>BETTY</Point>
      <Point>RS700</Point>
      <Point>FREED</Point>
      <Point>ANNIE</Point>
      <Point>DIANA</Point>
      <Point>BETTY</Point>
      <Point>CHIMI</Point>
      <Point>DIANA</Point>
      <Point>AYAGU</Point>
      <Point>MJC</Point>
      <Point>SJE</Point>
    </Label>
  </Map>
</Maps>