﻿<?xml version="1.0" encoding="utf-8"?>
<Maps>
  <Map Type="System" Name="RORT" Priority="0" Center="+24.653889+124.675278">
    <Runway Name="18_36">
      <Threshold Name="18" Position="+24.660480+124.674430" ExtendedCentrelineTrack="353" ExtendedCentrelineLength="5" ExtendedCentrelineTickInterval="2" />
      <Threshold Name="36" Position="+24.647030+124.676388" ExtendedCentrelineTrack="173" ExtendedCentrelineLength="5" ExtendedCentrelineTickInterval="2"/>
    </Runway>
    <Symbol Type="HollowTriangle">
      <Point>GAHRA</Point>
      <Point>UMAKI</Point>
      <Point>KROWA</Point>
      <Point>MINNA</Point>
      <Point>PANAP</Point>
      <Point>YUGAP</Point>
    </Symbol>
    <Symbol Type="Hexagon">
      <Point>MJC</Point>
    </Symbol>
    <Symbol Type="HollowSquare">
      <Point>MJC</Point>
    </Symbol>
  </Map>
  <Map Type="System" Name="RORT_LABEL" Priority="2" Center="+24.653889+124.675278">
    <Label>
      <Point>GAHRA</Point>
      <Point>UMAKI</Point>
      <Point>KROWA</Point>
      <Point>MINNA</Point>
      <Point>PANAP</Point>
      <Point>YUGAP</Point>
      <Point>MJC</Point>
    </Label>
  </Map>
</Maps>